{
"type": "FeatureCollection",
"name": "(v3_FINAL)_FINAL_School_Analysis",
"crs": { "type": "name", "properties": { "name": "urn:ogc:def:crs:OGC:1.3:CRS84" } },
"features": [
{ "type": "Feature", "properties": { "School_ID": 5, "Address": "Jl. Adi Sumarmo No.140, Banyuanyar, Kec. Banjarsari, Kota Surakarta, Jawa Tengah 57137", "Lat": -7.542536073, "Long": 110.8090369, "School_Typ": "SD", "PROVINSI": "Provinsi Jawa Tengah", "KABUPATEN": "Kota Surakarta", "KECAMATAN": "Kecamatan Banjarsari", "KELURAHAN": "Banyuanyar", "School_Nam": "SD Negeri Banyuanyar 1 Kota Surakarta", "Severity": 51, "Intersect": 3, "Transit": 0, "Student": 152, "Km_major": 1.37697920393, "SR_Type": "Local Road", "Schoo_SAvg": 33.742212617699998, "Schoo_FExp": 414553.45, "Zone_SAvg": 28.497987655100001, "Zone_FExp": 32568372.35, "Lv2_Score": 283.0, "Lv2_Rank": 54.0, "Lv3_Score": 159.0, "Lv3_Rank": 23.0, "BDS_Final_": 442.0, "BDS_Final": 46.0 }, "geometry": { "type": "Point", "coordinates": [ 110.809036900000081, -7.542536072999951 ] } },
{ "type": "Feature", "properties": { "School_ID": 6, "Address": "Jl. Kimangun Sarkoro No 98", "Lat": -7.544332588, "Long": 110.8092848, "School_Typ": "SD", "PROVINSI": "Provinsi Jawa Tengah", "KABUPATEN": "Kota Surakarta", "KECAMATAN": "Kecamatan Banjarsari", "KELURAHAN": "Banyuanyar", "School_Nam": "SD Negeri Banyuanyar 2 Kota Surakarta", "Severity": 45, "Intersect": 3, "Transit": 0, "Student": 160, "Km_major": 1.3701226281700001, "SR_Type": "Major Road", "Schoo_SAvg": 38.609046188599997, "Schoo_FExp": 383009.46, "Zone_SAvg": 28.093166858099998, "Zone_FExp": 27042106.96, "Lv2_Score": 139.0, "Lv2_Rank": 30.0, "Lv3_Score": 178.0, "Lv3_Rank": 30.0, "BDS_Final_": 317.0, "BDS_Final": 27.0 }, "geometry": { "type": "Point", "coordinates": [ 110.809284800000057, -7.544332587999975 ] } },
{ "type": "Feature", "properties": { "School_ID": 7, "Address": "Jl.Taruma Negara No. 2 Banyuanyar", "Lat": -7.535192139, "Long": 110.8028652, "School_Typ": "SD", "PROVINSI": "Provinsi Jawa Tengah", "KABUPATEN": "Kota Surakarta", "KECAMATAN": "Kecamatan Banjarsari", "KELURAHAN": "Banyuanyar", "School_Nam": "SD Negeri Banyuanyar 3 Kota Surakarta", "Severity": 27, "Intersect": 0, "Transit": 2, "Student": 166, "Km_major": 1.0330565763899999, "SR_Type": "Major Road", "Schoo_SAvg": 0.0, "Schoo_FExp": 0.0, "Zone_SAvg": 29.718079083700001, "Zone_FExp": 19297232.05, "Lv2_Score": 170.0, "Lv2_Rank": 36.0, "Lv3_Score": 306.0, "Lv3_Rank": 84.0, "BDS_Final_": 476.0, "BDS_Final": 51.0 }, "geometry": { "type": "Point", "coordinates": [ 110.802865200000042, -7.535192138999946 ] } },
{ "type": "Feature", "properties": { "School_ID": 12, "Address": "Jl. Bibis Wetan No.19, RT.3/RW.XIX, Gilingan, Kec. Banjarsari, Kota Surakarta, Jawa Tengah 57134", "Lat": -7.556300126, "Long": 110.8343963, "School_Typ": "SD", "PROVINSI": "Provinsi Jawa Tengah", "KABUPATEN": "Kota Surakarta", "KECAMATAN": "Kecamatan Banjarsari", "KELURAHAN": "Gilingan", "School_Nam": "SD Negeri Bibis Wetan Kota Surakarta", "Severity": 60, "Intersect": 0, "Transit": 4, "Student": 141, "Km_major": 0.96764867815, "SR_Type": "Local Road", "Schoo_SAvg": 0.0, "Schoo_FExp": 0.0, "Zone_SAvg": 32.141398671700003, "Zone_FExp": 14128991.77, "Lv2_Score": 323.0, "Lv2_Rank": 70.0, "Lv3_Score": 294.0, "Lv3_Rank": 78.0, "BDS_Final_": 617.0, "BDS_Final": 86.0 }, "geometry": { "type": "Point", "coordinates": [ 110.834396300000037, -7.55630012599994 ] } },
{ "type": "Feature", "properties": { "School_ID": 15, "Address": "Jl. Tegal Keputren No.05, RT.03, Pajang, Kec. Laweyan, Kota Surakarta, Jawa Tengah 57146", "Lat": -7.570964257, "Long": 110.7848707, "School_Typ": "SD", "PROVINSI": "Provinsi Jawa Tengah", "KABUPATEN": "Kota Surakarta", "KECAMATAN": "Kecamatan Laweyan", "KELURAHAN": "Pajang", "School_Nam": "SD Negeri Bratan 1 Kota Surakarta", "Severity": 42, "Intersect": 0, "Transit": 0, "Student": 348, "Km_major": 0.54599175627999996, "SR_Type": "Local Road", "Schoo_SAvg": 0.0, "Schoo_FExp": 0.0, "Zone_SAvg": 32.337907919800003, "Zone_FExp": 20429713.47, "Lv2_Score": 334.0, "Lv2_Rank": 78.0, "Lv3_Score": 274.0, "Lv3_Rank": 67.0, "BDS_Final_": 608.0, "BDS_Final": 83.0 }, "geometry": { "type": "Point", "coordinates": [ 110.784870700000056, -7.570964256999957 ] } },
{ "type": "Feature", "properties": { "School_ID": 16, "Address": "Jl. Kidul Pasar No.05, Pajang, Kec. Laweyan, Kota Surakarta, Jawa Tengah 57146", "Lat": -7.570382801, "Long": 110.7843733, "School_Typ": "SD", "PROVINSI": "Provinsi Jawa Tengah", "KABUPATEN": "Kota Surakarta", "KECAMATAN": "Kecamatan Laweyan", "KELURAHAN": "Pajang", "School_Nam": "SD Negeri Bratan 2 Kota Surakarta", "Severity": 39, "Intersect": 0, "Transit": 0, "Student": 285, "Km_major": 0.74572592848999997, "SR_Type": "Local Road", "Schoo_SAvg": 34.572882041100002, "Schoo_FExp": 615729.2, "Zone_SAvg": 29.665699411799999, "Zone_FExp": 24716498.79, "Lv2_Score": 326.0, "Lv2_Rank": 73.0, "Lv3_Score": 159.0, "Lv3_Rank": 23.0, "BDS_Final_": 485.0, "BDS_Final": 54.0 }, "geometry": { "type": "Point", "coordinates": [ 110.784373300000084, -7.570382800999937 ] } },
{ "type": "Feature", "properties": { "School_ID": 18, "Address": "Jl. Kartika 32", "Lat": -7.554279322, "Long": 110.8598986, "School_Typ": "SD", "PROVINSI": "Provinsi Jawa Tengah", "KABUPATEN": "Kota Surakarta", "KECAMATAN": "Kecamatan Jebres", "KELURAHAN": "Jebres", "School_Nam": "SD Negeri Bulukantil Kota Surakarta", "Severity": 30, "Intersect": 0, "Transit": 0, "Student": 159, "Km_major": 0.48232474766, "SR_Type": "Local Road", "Schoo_SAvg": 0.0, "Schoo_FExp": 0.0, "Zone_SAvg": 33.172706104200003, "Zone_FExp": 5910047.82, "Lv2_Score": 386.0, "Lv2_Rank": 102.0, "Lv3_Score": 308.0, "Lv3_Rank": 86.0, "BDS_Final_": 694.0, "BDS_Final": 105.0 }, "geometry": { "type": "Point", "coordinates": [ 110.859898600000065, -7.554279321999957 ] } },
{ "type": "Feature", "properties": { "School_ID": 20, "Address": "Jl. Monginsidi No. 66", "Lat": -7.557870744, "Long": 110.8273443, "School_Typ": "SD", "PROVINSI": "Provinsi Jawa Tengah", "KABUPATEN": "Kota Surakarta", "KECAMATAN": "Kecamatan Banjarsari", "KELURAHAN": "Gilingan", "School_Nam": "SD Negeri Cemara Dua Kota Surakarta", "Severity": 51, "Intersect": 1, "Transit": 9, "Student": 646, "Km_major": 0.89856946898000001, "SR_Type": "Major Road", "Schoo_SAvg": 33.851288460900001, "Schoo_FExp": 219376.66, "Zone_SAvg": 26.967970830300001, "Zone_FExp": 16767392.9, "Lv2_Score": 107.0, "Lv2_Rank": 20.0, "Lv3_Score": 228.0, "Lv3_Rank": 49.0, "BDS_Final_": 335.0, "BDS_Final": 29.0 }, "geometry": { "type": "Point", "coordinates": [ 110.82734430000005, -7.557870743999956 ] } },
{ "type": "Feature", "properties": { "School_ID": 22, "Address": "Jl. Gumunggung No 3, Gilingan, Solo", "Lat": -7.556185788, "Long": 110.8183399, "School_Typ": "SD", "PROVINSI": "Provinsi Jawa Tengah", "KABUPATEN": "Kota Surakarta", "KECAMATAN": "Kecamatan Banjarsari", "KELURAHAN": "Gilingan", "School_Nam": "SD Negeri Cinderejo Kota Surakarta", "Severity": 27, "Intersect": 0, "Transit": 2, "Student": 95, "Km_major": 0.0, "SR_Type": "Local Road", "Schoo_SAvg": 0.0, "Schoo_FExp": 0.0, "Zone_SAvg": 32.972319548999998, "Zone_FExp": 4858901.37, "Lv2_Score": 426.0, "Lv2_Rank": 117.0, "Lv3_Score": 314.0, "Lv3_Rank": 89.0, "BDS_Final_": 740.0, "BDS_Final": 116.0 }, "geometry": { "type": "Point", "coordinates": [ 110.818339900000069, -7.556185787999937 ] } },
{ "type": "Feature", "properties": { "School_ID": 24, "Address": "Jl. Ahmad Yani 24", "Lat": -7.556749314, "Long": 110.7966665, "School_Typ": "SD", "PROVINSI": "Provinsi Jawa Tengah", "KABUPATEN": "Kota Surakarta", "KECAMATAN": "Kecamatan Laweyan", "KELURAHAN": "Kerten", "School_Nam": "SD Negeri Dukuhan Kerten Kota Surakarta", "Severity": 15, "Intersect": 0, "Transit": 2, "Student": 189, "Km_major": 0.59482415485999995, "SR_Type": "Major Road", "Schoo_SAvg": 39.263681466500003, "Schoo_FExp": 1120616.88, "Zone_SAvg": 33.811477838499997, "Zone_FExp": 25538629.7, "Lv2_Score": 217.0, "Lv2_Rank": 42.0, "Lv3_Score": 99.0, "Lv3_Rank": 10.0, "BDS_Final_": 316.0, "BDS_Final": 26.0 }, "geometry": { "type": "Point", "coordinates": [ 110.796666500000072, -7.556749313999944 ] } },
{ "type": "Feature", "properties": { "School_ID": 27, "Address": "Jl. Sejahtera I", "Lat": -7.551463883, "Long": 110.8645021, "School_Typ": "SD", "PROVINSI": "Provinsi Jawa Tengah", "KABUPATEN": "Kota Surakarta", "KECAMATAN": "Kecamatan Jebres", "KELURAHAN": "Jebres", "School_Nam": "SD Negeri Gulon Kota Surakarta", "Severity": 15, "Intersect": 0, "Transit": 0, "Student": 140, "Km_major": 0.0, "SR_Type": "Local Road", "Schoo_SAvg": 0.0, "Schoo_FExp": 0.0, "Zone_SAvg": 0.0, "Zone_FExp": 0.0, "Lv2_Score": 421.0, "Lv2_Rank": 115.0, "Lv3_Score": 439.0, "Lv3_Rank": 120.0, "BDS_Final_": 860.0, "BDS_Final": 129.0 }, "geometry": { "type": "Point", "coordinates": [ 110.864502100000038, -7.55146388299994 ] } },
{ "type": "Feature", "properties": { "School_ID": 31, "Address": "Jl. Basuki Rahmad No. 49 Jajar Rt. 01  Rw. 02", "Lat": -7.556410421, "Long": 110.7875007, "School_Typ": "SD", "PROVINSI": "Provinsi Jawa Tengah", "KABUPATEN": "Kota Surakarta", "KECAMATAN": "Kecamatan Laweyan", "KELURAHAN": "Jajar", "School_Nam": "SD Negeri Jajar Kota Surakarta", "Severity": 18, "Intersect": 0, "Transit": 0, "Student": 96, "Km_major": 0.5564513799, "SR_Type": "Local Road", "Schoo_SAvg": 0.0, "Schoo_FExp": 0.0, "Zone_SAvg": 35.303687990999997, "Zone_FExp": 10982073.38, "Lv2_Score": 397.0, "Lv2_Rank": 106.0, "Lv3_Score": 281.0, "Lv3_Rank": 72.0, "BDS_Final_": 678.0, "BDS_Final": 102.0 }, "geometry": { "type": "Point", "coordinates": [ 110.787500700000066, -7.556410420999953 ] } },
{ "type": "Feature", "properties": { "School_ID": 32, "Address": "Jl. Senapan No 1 RT 04 RW 10", "Lat": -7.539537876, "Long": 110.8231764, "School_Typ": "SD", "PROVINSI": "Provinsi Jawa Tengah", "KABUPATEN": "Kota Surakarta", "KECAMATAN": "Kecamatan Banjarsari", "KELURAHAN": "Banjarsari", "School_Nam": "SD Negeri Joglo Kota Surakarta", "Severity": 51, "Intersect": 3, "Transit": 1, "Student": 483, "Km_major": 1.2321988506699999, "SR_Type": "Local Road", "Schoo_SAvg": 27.852495378899999, "Schoo_FExp": 7534.1, "Zone_SAvg": 34.206821767500003, "Zone_FExp": 13655502.01, "Lv2_Score": 239.0, "Lv2_Rank": 45.0, "Lv3_Score": 237.0, "Lv3_Rank": 53.0, "BDS_Final_": 476.0, "BDS_Final": 51.0 }, "geometry": { "type": "Point", "coordinates": [ 110.823176400000079, -7.53953787599994 ] } },
{ "type": "Feature", "properties": { "School_ID": 35, "Address": "Jl. Sumpah Pemuda, Kadipiro, Kec. Banjarsari, Kota Surakarta, Jawa Tengah 57136", "Lat": -7.540304797, "Long": 110.8260979, "School_Typ": "SD", "PROVINSI": "Provinsi Jawa Tengah", "KABUPATEN": "Kota Surakarta", "KECAMATAN": "Kecamatan Banjarsari", "KELURAHAN": "Banjarsari", "School_Nam": "SD Negeri 144 Kadipiro Kota Surakarta", "Severity": 45, "Intersect": 0, "Transit": 0, "Student": 144, "Km_major": 0.59278826333000001, "SR_Type": "Major Road", "Schoo_SAvg": 38.870284747699998, "Schoo_FExp": 413618.7, "Zone_SAvg": 39.911596929799998, "Zone_FExp": 15967094.65, "Lv2_Score": 225.0, "Lv2_Rank": 43.0, "Lv3_Score": 123.0, "Lv3_Rank": 11.0, "BDS_Final_": 348.0, "BDS_Final": 32.0 }, "geometry": { "type": "Point", "coordinates": [ 110.826097900000036, -7.540304796999976 ] } },
{ "type": "Feature", "properties": { "School_ID": 38, "Address": "Jl. Karangasem Rt.01/4", "Lat": -7.553628905, "Long": 110.7810235, "School_Typ": "SD", "PROVINSI": "Provinsi Jawa Tengah", "KABUPATEN": "Kota Surakarta", "KECAMATAN": "Kecamatan Laweyan", "KELURAHAN": "Karangasem", "School_Nam": "SD Negeri Karangasem 1 Kota Surakarta", "Severity": 6, "Intersect": 0, "Transit": 0, "Student": 471, "Km_major": 0.0, "SR_Type": "Local Road", "Schoo_SAvg": 0.0, "Schoo_FExp": 0.0, "Zone_SAvg": 0.0, "Zone_FExp": 0.0, "Lv2_Score": 367.0, "Lv2_Rank": 94.0, "Lv3_Score": 439.0, "Lv3_Rank": 120.0, "BDS_Final_": 806.0, "BDS_Final": 122.0 }, "geometry": { "type": "Point", "coordinates": [ 110.78102350000006, -7.553628904999925 ] } },
{ "type": "Feature", "properties": { "School_ID": 39, "Address": "Jl. Kolang Kaling 2", "Lat": -7.547148243, "Long": 110.7834659, "School_Typ": "SD", "PROVINSI": "Provinsi Jawa Tengah", "KABUPATEN": "Kota Surakarta", "KECAMATAN": "Kecamatan Laweyan", "KELURAHAN": "Karangasem", "School_Nam": "SD Negeri Karangasem 2 Kota Surakarta", "Severity": 51, "Intersect": 0, "Transit": 2, "Student": 131, "Km_major": 0.51990843724000002, "SR_Type": "Local Road", "Schoo_SAvg": 32.318053441099998, "Schoo_FExp": 123125.32, "Zone_SAvg": 38.666502199900002, "Zone_FExp": 54994044.37, "Lv2_Score": 385.0, "Lv2_Rank": 101.0, "Lv3_Score": 88.0, "Lv3_Rank": 5.0, "BDS_Final_": 473.0, "BDS_Final": 50.0 }, "geometry": { "type": "Point", "coordinates": [ 110.783465900000067, -7.547148242999981 ] } },
{ "type": "Feature", "properties": { "School_ID": 40, "Address": "Jl. Pepaya I", "Lat": -7.547415697, "Long": 110.7836898, "School_Typ": "SD", "PROVINSI": "Provinsi Jawa Tengah", "KABUPATEN": "Kota Surakarta", "KECAMATAN": "Kecamatan Laweyan", "KELURAHAN": "Karangasem", "School_Nam": "SD Negeri Karangasem 4 Kota Surakarta", "Severity": 51, "Intersect": 0, "Transit": 2, "Student": 152, "Km_major": 0.54140383348, "SR_Type": "Local Road", "Schoo_SAvg": 32.318053441099998, "Schoo_FExp": 123125.32, "Zone_SAvg": 38.5243724957, "Zone_FExp": 54691103.64, "Lv2_Score": 370.0, "Lv2_Rank": 96.0, "Lv3_Score": 90.0, "Lv3_Rank": 7.0, "BDS_Final_": 460.0, "BDS_Final": 49.0 }, "geometry": { "type": "Point", "coordinates": [ 110.783689800000047, -7.547415696999963 ] } },
{ "type": "Feature", "properties": { "School_ID": 45, "Address": "Jl. Ringroad No. 04", "Lat": -7.538576924, "Long": 110.846367, "School_Typ": "SD", "PROVINSI": "Provinsi Jawa Tengah", "KABUPATEN": "Kota Surakarta", "KECAMATAN": "Kecamatan Jebres", "KELURAHAN": "Mojosongo", "School_Nam": "SD Negeri Kendalrejo Kota Surakarta", "Severity": 57, "Intersect": 1, "Transit": 2, "Student": 167, "Km_major": 0.88160148035999997, "SR_Type": "Major Road", "Schoo_SAvg": 17.446505498499999, "Schoo_FExp": 38392.78, "Zone_SAvg": 28.282539089899998, "Zone_FExp": 13133283.84, "Lv2_Score": 172.0, "Lv2_Rank": 37.0, "Lv3_Score": 326.0, "Lv3_Rank": 95.0, "BDS_Final_": 498.0, "BDS_Final": 55.0 }, "geometry": { "type": "Point", "coordinates": [ 110.846367, -7.538576923999926 ] } },
{ "type": "Feature", "properties": { "School_ID": 48, "Address": "Jl. Slamet Riyadi No. 554", "Lat": -7.55914112, "Long": 110.7875946, "School_Typ": "SD", "PROVINSI": "Provinsi Jawa Tengah", "KABUPATEN": "Kota Surakarta", "KECAMATAN": "Kecamatan Laweyan", "KELURAHAN": "Kerten", "School_Nam": "SD Negeri Kleco 1 Kota Surakarta", "Severity": 48, "Intersect": 1, "Transit": 3, "Student": 662, "Km_major": 0.85454231837000005, "SR_Type": "Major Road", "Schoo_SAvg": 36.293456087400003, "Schoo_FExp": 1520086.08, "Zone_SAvg": 31.778561484099999, "Zone_FExp": 46612837.58, "Lv2_Score": 116.0, "Lv2_Rank": 22.0, "Lv3_Score": 64.0, "Lv3_Rank": 3.0, "BDS_Final_": 180.0, "BDS_Final": 7.0 }, "geometry": { "type": "Point", "coordinates": [ 110.787594600000034, -7.559141119999936 ] } },
{ "type": "Feature", "properties": { "School_ID": 49, "Address": "Jl. Agung Selatan No 5", "Lat": -7.549334666, "Long": 110.8389111, "School_Typ": "SD", "PROVINSI": "Provinsi Jawa Tengah", "KABUPATEN": "Kota Surakarta", "KECAMATAN": "Kecamatan Jebres", "KELURAHAN": "Mojosongo", "School_Nam": "SD Negeri Krajan Kota Surakarta", "Severity": 39, "Intersect": 0, "Transit": 2, "Student": 237, "Km_major": 0.76425530002999997, "SR_Type": "Local Road", "Schoo_SAvg": 0.0, "Schoo_FExp": 0.0, "Zone_SAvg": 30.739688719499998, "Zone_FExp": 5543239.44, "Lv2_Score": 331.0, "Lv2_Rank": 76.0, "Lv3_Score": 332.0, "Lv3_Rank": 99.0, "BDS_Final_": 663.0, "BDS_Final": 98.0 }, "geometry": { "type": "Point", "coordinates": [ 110.838911100000075, -7.549334665999936 ] } },
{ "type": "Feature", "properties": { "School_ID": 52, "Address": "Jl.liris Belukan 01 / 04", "Lat": -7.572479616, "Long": 110.7918662, "School_Typ": "SD", "PROVINSI": "Provinsi Jawa Tengah", "KABUPATEN": "Kota Surakarta", "KECAMATAN": "Kecamatan Laweyan", "KELURAHAN": "Pajang", "School_Nam": "SD Negeri Laweyan Kota Surakarta", "Severity": 0, "Intersect": 0, "Transit": 0, "Student": 165, "Km_major": 0.0, "SR_Type": "Local Road", "Schoo_SAvg": 18.912140430400001, "Schoo_FExp": 41748.55, "Zone_SAvg": 21.922187860600001, "Zone_FExp": 998097.42, "Lv2_Score": 413.0, "Lv2_Rank": 112.0, "Lv3_Score": 404.0, "Lv3_Rank": 116.0, "BDS_Final_": 817.0, "BDS_Final": 125.0 }, "geometry": { "type": "Point", "coordinates": [ 110.791866200000072, -7.572479615999953 ] } },
{ "type": "Feature", "properties": { "School_ID": 55, "Address": "Jl. Mliwis II No. 4", "Lat": -7.558472398, "Long": 110.8047091, "School_Typ": "SD", "PROVINSI": "Provinsi Jawa Tengah", "KABUPATEN": "Kota Surakarta", "KECAMATAN": "Kecamatan Banjarsari", "KELURAHAN": "Manahan", "School_Nam": "SD Negeri Manahan Kota Surakarta", "Severity": 93, "Intersect": 0, "Transit": 2, "Student": 276, "Km_major": 1.27932990461, "SR_Type": "Local Road", "Schoo_SAvg": 0.0, "Schoo_FExp": 0.0, "Zone_SAvg": 34.573062251400003, "Zone_FExp": 30683363.91, "Lv2_Score": 252.0, "Lv2_Rank": 48.0, "Lv3_Score": 231.0, "Lv3_Rank": 51.0, "BDS_Final_": 483.0, "BDS_Final": 52.0 }, "geometry": { "type": "Point", "coordinates": [ 110.804709100000082, -7.558472397999935 ] } },
{ "type": "Feature", "properties": { "School_ID": 56, "Address": "Jl. Dr. Muwardi 52", "Lat": -7.562441485, "Long": 110.8072458, "School_Typ": "SD", "PROVINSI": "Provinsi Jawa Tengah", "KABUPATEN": "Kota Surakarta", "KECAMATAN": "Kecamatan Laweyan", "KELURAHAN": "Penumping", "School_Nam": "SD Negeri Mangkubumen Kidul Kota Surakarta", "Severity": 9, "Intersect": 0, "Transit": 4, "Student": 410, "Km_major": 0.59119925489000003, "SR_Type": "Local Road", "Schoo_SAvg": 30.307999654, "Schoo_FExp": 1156186.54, "Zone_SAvg": 26.714029202100001, "Zone_FExp": 22316500.83, "Lv2_Score": 328.0, "Lv2_Rank": 75.0, "Lv3_Score": 209.0, "Lv3_Rank": 41.0, "BDS_Final_": 537.0, "BDS_Final": 65.0 }, "geometry": { "type": "Point", "coordinates": [ 110.807245800000089, -7.562441484999965 ] } },
{ "type": "Feature", "properties": { "School_ID": 57, "Address": "Jl. Dr. Muwardi No. 42", "Lat": -7.562882175, "Long": 110.8069146, "School_Typ": "SD", "PROVINSI": "Provinsi Jawa Tengah", "KABUPATEN": "Kota Surakarta", "KECAMATAN": "Kecamatan Laweyan", "KELURAHAN": "Penumping", "School_Nam": "SD Negeri Mangkubumen Lor Kota Surakarta", "Severity": 18, "Intersect": 1, "Transit": 4, "Student": 409, "Km_major": 0.76577772212999995, "SR_Type": "Major Road", "Schoo_SAvg": 30.751342207, "Schoo_FExp": 1171555.41, "Zone_SAvg": 26.513234931100001, "Zone_FExp": 28956828.7, "Lv2_Score": 163.0, "Lv2_Rank": 35.0, "Lv3_Score": 189.0, "Lv3_Rank": 35.0, "BDS_Final_": 352.0, "BDS_Final": 33.0 }, "geometry": { "type": "Point", "coordinates": [ 110.806914600000084, -7.56288217499997 ] } },
{ "type": "Feature", "properties": { "School_ID": 63, "Address": "Jl. Sumpah Pemuda 163 Surakarta", "Lat": -7.542916542, "Long": 110.8418809, "School_Typ": "SD", "PROVINSI": "Provinsi Jawa Tengah", "KABUPATEN": "Kota Surakarta", "KECAMATAN": "Kecamatan Jebres", "KELURAHAN": "Mojosongo", "School_Nam": "SD Negeri Mojosongo 1 Kota Surakarta", "Severity": 87, "Intersect": 1, "Transit": 1, "Student": 150, "Km_major": 1.2179482351799999, "SR_Type": "Major Road", "Schoo_SAvg": 21.6811529774, "Schoo_FExp": 60475.24, "Zone_SAvg": 27.583908601099999, "Zone_FExp": 13637223.87, "Lv2_Score": 140.0, "Lv2_Rank": 31.0, "Lv3_Score": 312.0, "Lv3_Rank": 87.0, "BDS_Final_": 452.0, "BDS_Final": 47.0 }, "geometry": { "type": "Point", "coordinates": [ 110.841880900000035, -7.542916541999944 ] } },
{ "type": "Feature", "properties": { "School_ID": 64, "Address": "Jl. Tangkuban Perahu No. 2b, Mojosongo RT 2 RW 32, JEBRES", "Lat": -7.542697923, "Long": 110.8417625, "School_Typ": "SD", "PROVINSI": "Provinsi Jawa Tengah", "KABUPATEN": "Kota Surakarta", "KECAMATAN": "Kecamatan Jebres", "KELURAHAN": "Mojosongo", "School_Nam": "SD Negeri Mojosongo 2 Kota Surakarta", "Severity": 87, "Intersect": 1, "Transit": 1, "Student": 146, "Km_major": 1.21273785889, "SR_Type": "Local Road", "Schoo_SAvg": 11.9933488289, "Schoo_FExp": 33539.4, "Zone_SAvg": 27.445373955099999, "Zone_FExp": 13307113.67, "Lv2_Score": 287.0, "Lv2_Rank": 57.0, "Lv3_Score": 341.0, "Lv3_Rank": 102.0, "BDS_Final_": 628.0, "BDS_Final": 89.0 }, "geometry": { "type": "Point", "coordinates": [ 110.841762500000073, -7.542697922999935 ] } },
{ "type": "Feature", "properties": { "School_ID": 65, "Address": "Jl. Jayawijaya No. 1", "Lat": -7.534896298, "Long": 110.8353761, "School_Typ": "SD", "PROVINSI": "Provinsi Jawa Tengah", "KABUPATEN": "Kota Surakarta", "KECAMATAN": "Kecamatan Jebres", "KELURAHAN": "Mojosongo", "School_Nam": "SD Negeri Mojosongo 3 Kota Surakarta", "Severity": 30, "Intersect": 1, "Transit": 3, "Student": 341, "Km_major": 0.78244651227999995, "SR_Type": "Major Road", "Schoo_SAvg": 24.3890684084, "Schoo_FExp": 85137.36, "Zone_SAvg": 25.235230018799999, "Zone_FExp": 3986302.17, "Lv2_Score": 162.0, "Lv2_Rank": 34.0, "Lv3_Score": 348.0, "Lv3_Rank": 103.0, "BDS_Final_": 510.0, "BDS_Final": 57.0 }, "geometry": { "type": "Point", "coordinates": [ 110.835376100000076, -7.534896297999978 ] } },
{ "type": "Feature", "properties": { "School_ID": 66, "Address": "Jl. Malabar Timur No. 7 Rt 03 Rw 15, Mojosongo, Jebres, Surakarta", "Lat": -7.537515563, "Long": 110.8398978, "School_Typ": "SD", "PROVINSI": "Provinsi Jawa Tengah", "KABUPATEN": "Kota Surakarta", "KECAMATAN": "Kecamatan Jebres", "KELURAHAN": "Mojosongo", "School_Nam": "SD Negeri Mojosongo 5 Kota Surakarta", "Severity": 18, "Intersect": 0, "Transit": 4, "Student": 665, "Km_major": 0.56268316754000003, "SR_Type": "Local Road", "Schoo_SAvg": 18.842953020100001, "Schoo_FExp": 561.52, "Zone_SAvg": 20.1100972638, "Zone_FExp": 2452344.21, "Lv2_Score": 305.0, "Lv2_Rank": 63.0, "Lv3_Score": 414.0, "Lv3_Rank": 118.0, "BDS_Final_": 719.0, "BDS_Final": 111.0 }, "geometry": { "type": "Point", "coordinates": [ 110.839897800000074, -7.537515562999943 ] } },
{ "type": "Feature", "properties": { "School_ID": 67, "Address": "Jl.Gumunggung, RT 03 RW II, Kel Gilingan, Kec Banjarsari, Kota Surakarta", "Lat": -7.553814621, "Long": 110.8156841, "School_Typ": "SD", "PROVINSI": "Provinsi Jawa Tengah", "KABUPATEN": "Kota Surakarta", "KECAMATAN": "Kecamatan Banjarsari", "KELURAHAN": "Gilingan", "School_Nam": "SD Negeri Munggung Kota Surakarta", "Severity": 18, "Intersect": 0, "Transit": 4, "Student": 87, "Km_major": 0.0, "SR_Type": "Local Road", "Schoo_SAvg": 33.527107684699999, "Schoo_FExp": 121331.25, "Zone_SAvg": 32.021289610799997, "Zone_FExp": 2933746.7, "Lv2_Score": 430.0, "Lv2_Rank": 118.0, "Lv3_Score": 229.0, "Lv3_Rank": 50.0, "BDS_Final_": 659.0, "BDS_Final": 97.0 }, "geometry": { "type": "Point", "coordinates": [ 110.815684100000055, -7.553814620999958 ] } },
{ "type": "Feature", "properties": { "School_ID": 70, "Address": "Jl. Agung Timur No.2 RT 01 RW 29 Mojosongo Jebres Surakarta", "Lat": -7.545583758, "Long": 110.8537473, "School_Typ": "SD", "PROVINSI": "Provinsi Jawa Tengah", "KABUPATEN": "Kota Surakarta", "KECAMATAN": "Kecamatan Jebres", "KELURAHAN": "Mojosongo", "School_Nam": "SD Negeri Ngemplak Kota Surakarta", "Severity": 3, "Intersect": 0, "Transit": 2, "Student": 165, "Km_major": 0.51230215603999996, "SR_Type": "Local Road", "Schoo_SAvg": 23.538415366100001, "Schoo_FExp": 1960.75, "Zone_SAvg": 25.8181932054, "Zone_FExp": 67125.22, "Lv2_Score": 386.0, "Lv2_Rank": 102.0, "Lv3_Score": 391.0, "Lv3_Rank": 112.0, "BDS_Final_": 777.0, "BDS_Final": 120.0 }, "geometry": { "type": "Point", "coordinates": [ 110.853747300000066, -7.545583757999964 ] } },
{ "type": "Feature", "properties": { "School_ID": 71, "Address": "Jl. Kartika No.36", "Lat": -7.554246833, "Long": 110.8601755, "School_Typ": "SD", "PROVINSI": "Provinsi Jawa Tengah", "KABUPATEN": "Kota Surakarta", "KECAMATAN": "Kecamatan Jebres", "KELURAHAN": "Jebres", "School_Nam": "SD Negeri Ngoresan Kota Surakarta", "Severity": 27, "Intersect": 0, "Transit": 1, "Student": 165, "Km_major": 0.45299000028999997, "SR_Type": "Local Road", "Schoo_SAvg": 0.0, "Schoo_FExp": 0.0, "Zone_SAvg": 33.844799626799997, "Zone_FExp": 5306654.94, "Lv2_Score": 385.0, "Lv2_Rank": 101.0, "Lv3_Score": 304.0, "Lv3_Rank": 82.0, "BDS_Final_": 689.0, "BDS_Final": 104.0 }, "geometry": { "type": "Point", "coordinates": [ 110.860175500000082, -7.554246832999979 ] } },
{ "type": "Feature", "properties": { "School_ID": 73, "Address": "Jl. Transito No. 18", "Lat": -7.565953097, "Long": 110.7842369, "School_Typ": "SD", "PROVINSI": "Provinsi Jawa Tengah", "KABUPATEN": "Kota Surakarta", "KECAMATAN": "Kecamatan Laweyan", "KELURAHAN": "Pajang", "School_Nam": "SD Negeri Pajang 1 Kota Surakarta", "Severity": 30, "Intersect": 1, "Transit": 1, "Student": 304, "Km_major": 0.41651142168, "SR_Type": "Local Road", "Schoo_SAvg": 30.777297344699999, "Schoo_FExp": 140366.02, "Zone_SAvg": 26.094602617, "Zone_FExp": 16592899.83, "Lv2_Score": 364.0, "Lv2_Rank": 93.0, "Lv3_Score": 266.0, "Lv3_Rank": 63.0, "BDS_Final_": 630.0, "BDS_Final": 90.0 }, "geometry": { "type": "Point", "coordinates": [ 110.784236900000053, -7.565953096999976 ] } },
{ "type": "Feature", "properties": { "School_ID": 74, "Address": "Jl. Parikesit Timur No.II, RT.04/RW.07, Pajang, Kec. Laweyan, Kota Surakarta, Jawa Tengah 57146", "Lat": -7.566379803, "Long": 110.7861297, "School_Typ": "SD", "PROVINSI": "Provinsi Jawa Tengah", "KABUPATEN": "Kota Surakarta", "KECAMATAN": "Kecamatan Laweyan", "KELURAHAN": "Pajang", "School_Nam": "SD Negeri Pajang 2 Kota Surakarta", "Severity": 51, "Intersect": 1, "Transit": 1, "Student": 80, "Km_major": 0.49192490184999998, "SR_Type": "Local Road", "Schoo_SAvg": 0.0, "Schoo_FExp": 0.0, "Zone_SAvg": 29.4992743048, "Zone_FExp": 21142731.77, "Lv2_Score": 400.0, "Lv2_Rank": 107.0, "Lv3_Score": 307.0, "Lv3_Rank": 85.0, "BDS_Final_": 707.0, "BDS_Final": 109.0 }, "geometry": { "type": "Point", "coordinates": [ 110.78612970000006, -7.566379802999961 ] } },
{ "type": "Feature", "properties": { "School_ID": 77, "Address": "Jl. Kp. Petoran No.01, RT.01/RW.08, Jebres, Kec. Jebres, Kota Surakarta, Jawa Tengah 57126", "Lat": -7.562876885, "Long": 110.8459055, "School_Typ": "SD", "PROVINSI": "Provinsi Jawa Tengah", "KABUPATEN": "Kota Surakarta", "KECAMATAN": "Kecamatan Jebres", "KELURAHAN": "Jebres", "School_Nam": "SD Negeri Petoran Kota Surakarta", "Severity": 12, "Intersect": 0, "Transit": 2, "Student": 281, "Km_major": 0.0, "SR_Type": "Local Road", "Schoo_SAvg": 0.0, "Schoo_FExp": 0.0, "Zone_SAvg": 33.482376890600001, "Zone_FExp": 2528853.27, "Lv2_Score": 387.0, "Lv2_Rank": 103.0, "Lv3_Score": 317.0, "Lv3_Rank": 92.0, "BDS_Final_": 704.0, "BDS_Final": 107.0 }, "geometry": { "type": "Point", "coordinates": [ 110.845905500000072, -7.56287688499998 ] } },
{ "type": "Feature", "properties": { "School_ID": 83, "Address": "Jl. Pracanda 7 No.6 Purwoprajan Rt 02 Rw 29", "Lat": -7.557950362, "Long": 110.8393448, "School_Typ": "SD", "PROVINSI": "Provinsi Jawa Tengah", "KABUPATEN": "Kota Surakarta", "KECAMATAN": "Kecamatan Jebres", "KELURAHAN": "Jebres", "School_Nam": "SD Negeri Purwoprajan Kota Surakarta", "Severity": 63, "Intersect": 0, "Transit": 8, "Student": 320, "Km_major": 0.96998045766999996, "SR_Type": "Local Road", "Schoo_SAvg": 0.0, "Schoo_FExp": 0.0, "Zone_SAvg": 28.539883739099999, "Zone_FExp": 29484434.81, "Lv2_Score": 277.0, "Lv2_Rank": 52.0, "Lv3_Score": 296.0, "Lv3_Rank": 79.0, "BDS_Final_": 573.0, "BDS_Final": 71.0 }, "geometry": { "type": "Point", "coordinates": [ 110.839344800000049, -7.557950361999929 ] } },
{ "type": "Feature", "properties": { "School_ID": 84, "Address": "Jl. Dr. Setiabudi No. 122", "Lat": -7.55208522, "Long": 110.8121521, "School_Typ": "SD", "PROVINSI": "Provinsi Jawa Tengah", "KABUPATEN": "Kota Surakarta", "KECAMATAN": "Kecamatan Banjarsari", "KELURAHAN": "Manahan", "School_Nam": "SD Negeri Purworejo Kota Surakarta", "Severity": 51, "Intersect": 1, "Transit": 4, "Student": 162, "Km_major": 1.19815977798, "SR_Type": "Local Road", "Schoo_SAvg": 27.217903743299999, "Schoo_FExp": 127243.7, "Zone_SAvg": 31.530854323, "Zone_FExp": 23744727.51, "Lv2_Score": 289.0, "Lv2_Rank": 58.0, "Lv3_Score": 210.0, "Lv3_Rank": 42.0, "BDS_Final_": 499.0, "BDS_Final": 56.0 }, "geometry": { "type": "Point", "coordinates": [ 110.812152100000048, -7.552085219999981 ] } },
{ "type": "Feature", "properties": { "School_ID": 85, "Address": "Jl. Rejosari XV No.02, Gilingan, Kec. Banjarsari, Kota Surakarta, Jawa Tengah 57134", "Lat": -7.553745597, "Long": 110.8283079, "School_Typ": "SD", "PROVINSI": "Provinsi Jawa Tengah", "KABUPATEN": "Kota Surakarta", "KECAMATAN": "Kecamatan Banjarsari", "KELURAHAN": "Gilingan", "School_Nam": "SD Negeri Rejosari Kota Surakarta", "Severity": 75, "Intersect": 2, "Transit": 8, "Student": 398, "Km_major": 1.2672379273700001, "SR_Type": "Local Road", "Schoo_SAvg": 25.0711331539, "Schoo_FExp": 578548.99, "Zone_SAvg": 25.163752825500001, "Zone_FExp": 28068233.23, "Lv2_Score": 232.0, "Lv2_Rank": 44.0, "Lv3_Score": 252.0, "Lv3_Rank": 57.0, "BDS_Final_": 484.0, "BDS_Final": 53.0 }, "geometry": { "type": "Point", "coordinates": [ 110.828307900000084, -7.553745596999931 ] } },
{ "type": "Feature", "properties": { "School_ID": 86, "Address": "Jl. Agung Timur No. 2 Sabranglor RT. 5 RW. 8 Kecamatan Jebres Kota Surakarta", "Lat": -7.550830982, "Long": 110.8506683, "School_Typ": "SD", "PROVINSI": "Provinsi Jawa Tengah", "KABUPATEN": "Kota Surakarta", "KECAMATAN": "Kecamatan Jebres", "KELURAHAN": "Mojosongo", "School_Nam": "SD Negeri Sabranglor Kota Surakarta", "Severity": 9, "Intersect": 0, "Transit": 0, "Student": 493, "Km_major": 0.45381800803, "SR_Type": "Local Road", "Schoo_SAvg": 0.0, "Schoo_FExp": 0.0, "Zone_SAvg": 29.412951537200001, "Zone_FExp": 413399.21, "Lv2_Score": 344.0, "Lv2_Rank": 84.0, "Lv3_Score": 371.0, "Lv3_Rank": 107.0, "BDS_Final_": 715.0, "BDS_Final": 110.0 }, "geometry": { "type": "Point", "coordinates": [ 110.850668300000052, -7.550830981999979 ] } },
{ "type": "Feature", "properties": { "School_ID": 88, "Address": "Jl.kartika Ngoresan Rt 03/18", "Lat": -7.552840645, "Long": 110.8641347, "School_Typ": "SD", "PROVINSI": "Provinsi Jawa Tengah", "KABUPATEN": "Kota Surakarta", "KECAMATAN": "Kecamatan Jebres", "KELURAHAN": "Jebres", "School_Nam": "SD Negeri Sanggrahan Kota Surakarta", "Severity": 15, "Intersect": 0, "Transit": 0, "Student": 132, "Km_major": 0.0, "SR_Type": "Local Road", "Schoo_SAvg": 0.0, "Schoo_FExp": 0.0, "Zone_SAvg": 0.0, "Zone_FExp": 0.0, "Lv2_Score": 423.0, "Lv2_Rank": 116.0, "Lv3_Score": 439.0, "Lv3_Rank": 120.0, "BDS_Final_": 862.0, "BDS_Final": 130.0 }, "geometry": { "type": "Point", "coordinates": [ 110.864134700000079, -7.552840644999947 ] } },
{ "type": "Feature", "properties": { "School_ID": 91, "Address": "Jl. Sekip Asri No.215, RT.04/RW.23, Kadipiro, Kec. Banjarsari, Kota Surakarta, Jawa Tengah 57136", "Lat": -7.531445291, "Long": 110.821335, "School_Typ": "SD", "PROVINSI": "Provinsi Jawa Tengah", "KABUPATEN": "Kota Surakarta", "KECAMATAN": "Kecamatan Banjarsari", "KELURAHAN": "Banjarsari", "School_Nam": "SD Negeri Sekip Kota Surakarta", "Severity": 33, "Intersect": 1, "Transit": 1, "Student": 324, "Km_major": 0.83693027621000005, "SR_Type": "Local Road", "Schoo_SAvg": 36.805424528300001, "Schoo_FExp": 74906.4, "Zone_SAvg": 30.962911181399999, "Zone_FExp": 4795038.53, "Lv2_Score": 301.0, "Lv2_Rank": 62.0, "Lv3_Score": 229.0, "Lv3_Rank": 50.0, "BDS_Final_": 530.0, "BDS_Final": 63.0 }, "geometry": { "type": "Point", "coordinates": [ 110.821335, -7.531445290999955 ] } },
{ "type": "Feature", "properties": { "School_ID": 96, "Address": "Jl. Liris No.54, Pajang, Kec. Laweyan, Kota Surakarta, Jawa Tengah 57146", "Lat": -7.57266679, "Long": 110.7919588, "School_Typ": "SD", "PROVINSI": "Provinsi Jawa Tengah", "KABUPATEN": "Kota Surakarta", "KECAMATAN": "Kecamatan Laweyan", "KELURAHAN": "Pajang", "School_Nam": "SD Negeri Setono Kota Surakarta", "Severity": 0, "Intersect": 0, "Transit": 0, "Student": 163, "Km_major": 0.0, "SR_Type": "Local Road", "Schoo_SAvg": 18.912140430400001, "Schoo_FExp": 41748.55, "Zone_SAvg": 22.249524884500001, "Zone_FExp": 922573.83, "Lv2_Score": 414.0, "Lv2_Rank": 113.0, "Lv3_Score": 405.0, "Lv3_Rank": 117.0, "BDS_Final_": 819.0, "BDS_Final": 126.0 }, "geometry": { "type": "Point", "coordinates": [ 110.791958800000089, -7.572666789999971 ] } },
{ "type": "Feature", "properties": { "School_ID": 97, "Address": "Jl. Sibela Raya", "Lat": -7.535394384, "Long": 110.8458281, "School_Typ": "SD", "PROVINSI": "Provinsi Jawa Tengah", "KABUPATEN": "Kota Surakarta", "KECAMATAN": "Kecamatan Jebres", "KELURAHAN": "Mojosongo", "School_Nam": "SD Negeri Sibela Timur Kota Surakarta", "Severity": 21, "Intersect": 0, "Transit": 6, "Student": 322, "Km_major": 0.0, "SR_Type": "Local Road", "Schoo_SAvg": 20.8, "Schoo_FExp": 4124.64, "Zone_SAvg": 27.225297120699999, "Zone_FExp": 2923226.39, "Lv2_Score": 371.0, "Lv2_Rank": 97.0, "Lv3_Score": 363.0, "Lv3_Rank": 106.0, "BDS_Final_": 734.0, "BDS_Final": 114.0 }, "geometry": { "type": "Point", "coordinates": [ 110.845828100000062, -7.535394383999972 ] } },
{ "type": "Feature", "properties": { "School_ID": 100, "Address": "Jl. Gayam, Karangasem RT.01 RW.04", "Lat": -7.553839985, "Long": 110.7809605, "School_Typ": "SD", "PROVINSI": "Provinsi Jawa Tengah", "KABUPATEN": "Kota Surakarta", "KECAMATAN": "Kecamatan Laweyan", "KELURAHAN": "Karangasem", "School_Nam": "SD Negeri Soropadan Kota Surakarta", "Severity": 6, "Intersect": 0, "Transit": 0, "Student": 4, "Km_major": 0.0, "SR_Type": "Local Road", "Schoo_SAvg": 0.0, "Schoo_FExp": 0.0, "Zone_SAvg": 0.0, "Zone_FExp": 0.0, "Lv2_Score": 451.0, "Lv2_Rank": 121.0, "Lv3_Score": 439.0, "Lv3_Rank": 120.0, "BDS_Final_": 890.0, "BDS_Final": 133.0 }, "geometry": { "type": "Point", "coordinates": [ 110.780960500000049, -7.553839984999968 ] } },
{ "type": "Feature", "properties": { "School_ID": 106, "Address": "JL. Laos Utara No.4, Kagokan, Pajang, Laweyan", "Lat": -7.560209996, "Long": 110.7866934, "School_Typ": "SD", "PROVINSI": "Provinsi Jawa Tengah", "KABUPATEN": "Kota Surakarta", "KECAMATAN": "Kecamatan Laweyan", "KELURAHAN": "Pajang", "School_Nam": "SD Negeri Tegal Rejo Laweyan Kota Surakarta", "Severity": 57, "Intersect": 1, "Transit": 2, "Student": 154, "Km_major": 0.75042759079, "SR_Type": "Local Road", "Schoo_SAvg": 29.4644911161, "Schoo_FExp": 1260806.2, "Zone_SAvg": 32.3369841401, "Zone_FExp": 45998826.41, "Lv2_Score": 343.0, "Lv2_Rank": 83.0, "Lv3_Score": 96.0, "Lv3_Rank": 9.0, "BDS_Final_": 439.0, "BDS_Final": 45.0 }, "geometry": { "type": "Point", "coordinates": [ 110.786693400000047, -7.560209995999969 ] } },
{ "type": "Feature", "properties": { "School_ID": 109, "Address": "Jl. Adi Sumarmo No 136", "Lat": -7.541841225, "Long": 110.8103948, "School_Typ": "SD", "PROVINSI": "Provinsi Jawa Tengah", "KABUPATEN": "Kota Surakarta", "KECAMATAN": "Kecamatan Banjarsari", "KELURAHAN": "Banyuanyar", "School_Nam": "SD Negeri Tempel Kota Surakarta", "Severity": 45, "Intersect": 3, "Transit": 3, "Student": 256, "Km_major": 1.0085366308099999, "SR_Type": "Local Road", "Schoo_SAvg": 33.112728980699998, "Schoo_FExp": 394783.2, "Zone_SAvg": 26.4999644675, "Zone_FExp": 23301095.66, "Lv2_Score": 294.0, "Lv2_Rank": 59.0, "Lv3_Score": 218.0, "Lv3_Rank": 45.0, "BDS_Final_": 512.0, "BDS_Final": 58.0 }, "geometry": { "type": "Point", "coordinates": [ 110.81039480000004, -7.541841224999928 ] } },
{ "type": "Feature", "properties": { "School_ID": 110, "Address": "Jl. Tirtonadi 1", "Lat": -7.552153677, "Long": 110.8180284, "School_Typ": "SD", "PROVINSI": "Provinsi Jawa Tengah", "KABUPATEN": "Kota Surakarta", "KECAMATAN": "Kecamatan Banjarsari", "KELURAHAN": "Gilingan", "School_Nam": "SD Negeri Tirtoyoso Kota Surakarta", "Severity": 78, "Intersect": 0, "Transit": 4, "Student": 144, "Km_major": 0.78822178435000001, "SR_Type": "Local Road", "Schoo_SAvg": 0.0, "Schoo_FExp": 0.0, "Zone_SAvg": 36.9549009383, "Zone_FExp": 22495946.04, "Lv2_Score": 332.0, "Lv2_Rank": 77.0, "Lv3_Score": 247.0, "Lv3_Rank": 56.0, "BDS_Final_": 579.0, "BDS_Final": 74.0 }, "geometry": { "type": "Point", "coordinates": [ 110.81802840000006, -7.552153676999978 ] } },
{ "type": "Feature", "properties": { "School_ID": 111, "Address": "Jl. Sere I No.RT.3 16, Pajang, Kec. Laweyan, Kota Surakarta, Jawa Tengah 57146", "Lat": -7.559040946, "Long": 110.78027, "School_Typ": "SD", "PROVINSI": "Provinsi Jawa Tengah", "KABUPATEN": "Kota Surakarta", "KECAMATAN": "Kecamatan Laweyan", "KELURAHAN": "Pajang", "School_Nam": "SD Negeri Totosari Kota Surakarta", "Severity": 75, "Intersect": 0, "Transit": 1, "Student": 108, "Km_major": 0.4256801519, "SR_Type": "Local Road", "Schoo_SAvg": 0.0, "Schoo_FExp": 0.0, "Zone_SAvg": 30.043366596199998, "Zone_FExp": 41260104.83, "Lv2_Score": 393.0, "Lv2_Rank": 105.0, "Lv3_Score": 259.0, "Lv3_Rank": 61.0, "BDS_Final_": 652.0, "BDS_Final": 96.0 }, "geometry": { "type": "Point", "coordinates": [ 110.78027, -7.559040945999925 ] } },
{ "type": "Feature", "properties": { "School_ID": 112, "Address": "Jl. Halilintar No. 3", "Lat": -7.558415738, "Long": 110.8493312, "School_Typ": "SD", "PROVINSI": "Provinsi Jawa Tengah", "KABUPATEN": "Kota Surakarta", "KECAMATAN": "Kecamatan Jebres", "KELURAHAN": "Jebres", "School_Nam": "SD Negeri Tugu Jebres Kota Surakarta", "Severity": 87, "Intersect": 4, "Transit": 4, "Student": 220, "Km_major": 0.84519673444, "SR_Type": "Local Road", "Schoo_SAvg": 0.0, "Schoo_FExp": 0.0, "Zone_SAvg": 32.218694474099998, "Zone_FExp": 43730344.51, "Lv2_Score": 298.0, "Lv2_Rank": 61.0, "Lv3_Score": 227.0, "Lv3_Rank": 48.0, "BDS_Final_": 525.0, "BDS_Final": 62.0 }, "geometry": { "type": "Point", "coordinates": [ 110.849331200000051, -7.558415737999951 ] } },
{ "type": "Feature", "properties": { "School_ID": 113, "Address": "Jl. Sere I No.72, Pajang, Kec. Laweyan, Kota Surakarta, Jawa Tengah 57146", "Lat": -7.558687706, "Long": 110.7803661, "School_Typ": "SD", "PROVINSI": "Provinsi Jawa Tengah", "KABUPATEN": "Kota Surakarta", "KECAMATAN": "Kecamatan Laweyan", "KELURAHAN": "Pajang", "School_Nam": "SD Negeri Tunggulsari 1 Kota Surakarta", "Severity": 75, "Intersect": 0, "Transit": 1, "Student": 101, "Km_major": 0.44862891328, "SR_Type": "Local Road", "Schoo_SAvg": 0.0, "Schoo_FExp": 0.0, "Zone_SAvg": 30.163322708500001, "Zone_FExp": 42960782.11, "Lv2_Score": 392.0, "Lv2_Rank": 104.0, "Lv3_Score": 255.0, "Lv3_Rank": 59.0, "BDS_Final_": 647.0, "BDS_Final": 94.0 }, "geometry": { "type": "Point", "coordinates": [ 110.780366100000037, -7.558687705999944 ] } },
{ "type": "Feature", "properties": { "School_ID": 114, "Address": "Jl. Sere I Tunggulsari", "Lat": -7.558698462, "Long": 110.7790397, "School_Typ": "SD", "PROVINSI": "Provinsi Jawa Tengah", "KABUPATEN": "Kota Surakarta", "KECAMATAN": "Kecamatan Laweyan", "KELURAHAN": "Pajang", "School_Nam": "SD Negeri Tunggulsari 2 Kota Surakarta", "Severity": 51, "Intersect": 0, "Transit": 1, "Student": 145, "Km_major": 0.28216777398999998, "SR_Type": "Local Road", "Schoo_SAvg": 24.617850799300001, "Schoo_FExp": 121966.68, "Zone_SAvg": 28.106649883100001, "Zone_FExp": 27927295.48, "Lv2_Score": 401.0, "Lv2_Rank": 108.0, "Lv3_Score": 247.0, "Lv3_Rank": 56.0, "BDS_Final_": 648.0, "BDS_Final": 95.0 }, "geometry": { "type": "Point", "coordinates": [ 110.779039700000055, -7.558698461999938 ] } },
{ "type": "Feature", "properties": { "School_ID": 117, "Address": "Jl. Sumpah Pemuda 163", "Lat": -7.543261364, "Long": 110.8379891, "School_Typ": "SD", "PROVINSI": "Provinsi Jawa Tengah", "KABUPATEN": "Kota Surakarta", "KECAMATAN": "Kecamatan Jebres", "KELURAHAN": "Mojosongo", "School_Nam": "SD Negeri Wonowoso Kota Surakarta", "Severity": 81, "Intersect": 1, "Transit": 0, "Student": 105, "Km_major": 0.74105799168999997, "SR_Type": "Local Road", "Schoo_SAvg": 18.666666666699999, "Schoo_FExp": 1008.0, "Zone_SAvg": 30.5950751068, "Zone_FExp": 12932961.2, "Lv2_Score": 356.0, "Lv2_Rank": 89.0, "Lv3_Score": 312.0, "Lv3_Rank": 87.0, "BDS_Final_": 668.0, "BDS_Final": 99.0 }, "geometry": { "type": "Point", "coordinates": [ 110.837989100000073, -7.543261363999932 ] } },
{ "type": "Feature", "properties": { "School_ID": 119, "Address": "Jl. Pratanggapati  No. 53 RT03 RW01", "Lat": -7.56128606, "Long": 110.8390271, "School_Typ": "SD", "PROVINSI": "Provinsi Jawa Tengah", "KABUPATEN": "Kota Surakarta", "KECAMATAN": "Kecamatan Jebres", "KELURAHAN": "Jebres", "School_Nam": "SD ADVENT", "Severity": 66, "Intersect": 1, "Transit": 5, "Student": 51, "Km_major": 0.78255648305000003, "SR_Type": "Local Road", "Schoo_SAvg": 0.0, "Schoo_FExp": 0.0, "Zone_SAvg": 25.3087451323, "Zone_FExp": 31372473.49, "Lv2_Score": 357.0, "Lv2_Rank": 90.0, "Lv3_Score": 328.0, "Lv3_Rank": 97.0, "BDS_Final_": 685.0, "BDS_Final": 103.0 }, "geometry": { "type": "Point", "coordinates": [ 110.839027100000067, -7.561286059999929 ] } },
{ "type": "Feature", "properties": { "School_ID": 123, "Address": "Jl. Bromo No.2 Clolo RT 01 RW 07", "Lat": -7.533135061, "Long": 110.8259635, "School_Typ": "SD", "PROVINSI": "Provinsi Jawa Tengah", "KABUPATEN": "Kota Surakarta", "KECAMATAN": "Kecamatan Banjarsari", "KELURAHAN": "Banjarsari", "School_Nam": "SD AL ISLAM 3 GEBANG SURAKARTA", "Severity": 9, "Intersect": 1, "Transit": 0, "Student": 626, "Km_major": 1.0233873677300001, "SR_Type": "Major Road", "Schoo_SAvg": 19.558523665799999, "Schoo_FExp": 34338.9, "Zone_SAvg": 27.546461232, "Zone_FExp": 2145313.73, "Lv2_Score": 123.0, "Lv2_Rank": 26.0, "Lv3_Score": 361.0, "Lv3_Rank": 105.0, "BDS_Final_": 484.0, "BDS_Final": 53.0 }, "geometry": { "type": "Point", "coordinates": [ 110.825963500000057, -7.533135060999939 ] } },
{ "type": "Feature", "properties": { "School_ID": 127, "Address": "Jl. Monginsidi No.28 Kel.Gilingan, Kec.Banjarsari, Surakarta", "Lat": -7.558528492, "Long": 110.8319932, "School_Typ": "SD", "PROVINSI": "Provinsi Jawa Tengah", "KABUPATEN": "Kota Surakarta", "KECAMATAN": "Kecamatan Banjarsari", "KELURAHAN": "Gilingan", "School_Nam": "SD CHARIS", "Severity": 42, "Intersect": 0, "Transit": 7, "Student": 273, "Km_major": 1.0640297438299999, "SR_Type": "Major Road", "Schoo_SAvg": 31.684499386300001, "Schoo_FExp": 307184.39, "Zone_SAvg": 30.334488631300001, "Zone_FExp": 25724129.4, "Lv2_Score": 138.0, "Lv2_Rank": 29.0, "Lv3_Score": 179.0, "Lv3_Rank": 31.0, "BDS_Final_": 317.0, "BDS_Final": 27.0 }, "geometry": { "type": "Point", "coordinates": [ 110.831993200000056, -7.558528491999937 ] } },
{ "type": "Feature", "properties": { "School_ID": 130, "Address": "Jl. K.S. Tubun No. 27, Manahan, Banjarsari, Surakarta", "Lat": -7.553426857, "Long": 110.8035125, "School_Typ": "SD", "PROVINSI": "Provinsi Jawa Tengah", "KABUPATEN": "Kota Surakarta", "KECAMATAN": "Kecamatan Banjarsari", "KELURAHAN": "Manahan", "School_Nam": "SD FOCUS INDEPENDENT SCHOOL", "Severity": 111, "Intersect": 1, "Transit": 2, "Student": 305, "Km_major": 1.09084763507, "SR_Type": "Local Road", "Schoo_SAvg": 27.598391526099999, "Schoo_FExp": 168835.92, "Zone_SAvg": 30.636569361900001, "Zone_FExp": 60686408.67, "Lv2_Score": 257.0, "Lv2_Rank": 50.0, "Lv3_Score": 156.0, "Lv3_Rank": 22.0, "BDS_Final_": 413.0, "BDS_Final": 41.0 }, "geometry": { "type": "Point", "coordinates": [ 110.803512500000068, -7.553426856999977 ] } },
{ "type": "Feature", "properties": { "School_ID": 131, "Address": "Jl. Pleret Utama RT 004 RW 012", "Lat": -7.540650795, "Long": 110.8014041, "School_Typ": "SD", "PROVINSI": "Provinsi Jawa Tengah", "KABUPATEN": "Kota Surakarta", "KECAMATAN": "Kecamatan Banjarsari", "KELURAHAN": "Banyuanyar", "School_Nam": "SD Global Interstudy", "Severity": 9, "Intersect": 0, "Transit": 0, "Student": 101, "Km_major": 0.48912327811, "SR_Type": "Local Road", "Schoo_SAvg": 23.117837498, "Schoo_FExp": 14709.88, "Zone_SAvg": 21.421128713800002, "Zone_FExp": 728065.26, "Lv2_Score": 410.0, "Lv2_Rank": 111.0, "Lv3_Score": 403.0, "Lv3_Rank": 115.0, "BDS_Final_": 813.0, "BDS_Final": 124.0 }, "geometry": { "type": "Point", "coordinates": [ 110.80140410000007, -7.540650794999976 ] } },
{ "type": "Feature", "properties": { "School_ID": 132, "Address": "Jl. Bone Timur III", "Lat": -7.540185409, "Long": 110.8120644, "School_Typ": "SD", "PROVINSI": "Provinsi Jawa Tengah", "KABUPATEN": "Kota Surakarta", "KECAMATAN": "Kecamatan Banjarsari", "KELURAHAN": "Banyuanyar", "School_Nam": "SD INFORMATION AND COMMUNICATION TECHNOLOGY AL ABIDIN", "Severity": 12, "Intersect": 0, "Transit": 7, "Student": 452, "Km_major": 0.0, "SR_Type": "Local Road", "Schoo_SAvg": 33.105631697, "Schoo_FExp": 53141.16, "Zone_SAvg": 28.773733059400001, "Zone_FExp": 1568746.12, "Lv2_Score": 361.0, "Lv2_Rank": 92.0, "Lv3_Score": 283.0, "Lv3_Rank": 74.0, "BDS_Final_": 644.0, "BDS_Final": 92.0 }, "geometry": { "type": "Point", "coordinates": [ 110.812064400000054, -7.540185408999946 ] } },
{ "type": "Feature", "properties": { "School_ID": 133, "Address": "Jl. Menteri Supeno No. 16 A", "Lat": -7.55308458, "Long": 110.8057687, "School_Typ": "SD", "PROVINSI": "Provinsi Jawa Tengah", "KABUPATEN": "Kota Surakarta", "KECAMATAN": "Kecamatan Banjarsari", "KELURAHAN": "Manahan", "School_Nam": "SD ISLAM AL FATTAH", "Severity": 33, "Intersect": 0, "Transit": 0, "Student": 318, "Km_major": 0.55561995638999995, "SR_Type": "Local Road", "Schoo_SAvg": 30.744698684100001, "Schoo_FExp": 183407.5, "Zone_SAvg": 34.044618636599999, "Zone_FExp": 19070196.08, "Lv2_Score": 343.0, "Lv2_Rank": 83.0, "Lv3_Score": 173.0, "Lv3_Rank": 28.0, "BDS_Final_": 516.0, "BDS_Final": 60.0 }, "geometry": { "type": "Point", "coordinates": [ 110.805768700000044, -7.553084579999961 ] } },
{ "type": "Feature", "properties": { "School_ID": 139, "Address": "Jl. Adi Sumarmo Gang Bone Timur 3", "Lat": -7.539206567, "Long": 110.8116391, "School_Typ": "SD", "PROVINSI": "Provinsi Jawa Tengah", "KABUPATEN": "Kota Surakarta", "KECAMATAN": "Kecamatan Banjarsari", "KELURAHAN": "Banyuanyar", "School_Nam": "SD ISLAM INTERNASIONAL AL ABIDIN", "Severity": 9, "Intersect": 0, "Transit": 5, "Student": 545, "Km_major": 0.0, "SR_Type": "Local Road", "Schoo_SAvg": 29.5714493328, "Schoo_FExp": 44765.26, "Zone_SAvg": 28.417831645, "Zone_FExp": 1085411.21, "Lv2_Score": 354.0, "Lv2_Rank": 87.0, "Lv3_Score": 318.0, "Lv3_Rank": 93.0, "BDS_Final_": 672.0, "BDS_Final": 101.0 }, "geometry": { "type": "Point", "coordinates": [ 110.811639100000036, -7.539206566999951 ] } },
{ "type": "Feature", "properties": { "School_ID": 142, "Address": "Jl. Pisang No 12", "Lat": -7.555666055, "Long": 110.7923298, "School_Typ": "SD", "PROVINSI": "Provinsi Jawa Tengah", "KABUPATEN": "Kota Surakarta", "KECAMATAN": "Kecamatan Laweyan", "KELURAHAN": "Kerten", "School_Nam": "SD ISLAM TERPADU NUR HIDAYAH", "Severity": 21, "Intersect": 0, "Transit": 0, "Student": 629, "Km_major": 0.0, "SR_Type": "Local Road", "Schoo_SAvg": 0.0, "Schoo_FExp": 0.0, "Zone_SAvg": 0.0, "Zone_FExp": 0.0, "Lv2_Score": 349.0, "Lv2_Rank": 86.0, "Lv3_Score": 439.0, "Lv3_Rank": 120.0, "BDS_Final_": 788.0, "BDS_Final": 121.0 }, "geometry": { "type": "Point", "coordinates": [ 110.792329800000061, -7.555666054999961 ] } },
{ "type": "Feature", "properties": { "School_ID": 151, "Address": "Jl. Abdul Muis 45", "Lat": -7.560923194, "Long": 110.8292226, "School_Typ": "SD", "PROVINSI": "Provinsi Jawa Tengah", "KABUPATEN": "Kota Surakarta", "KECAMATAN": "Kecamatan Banjarsari", "KELURAHAN": "Setabelan", "School_Nam": "SD KRISTEN BANJARSARI", "Severity": 48, "Intersect": 1, "Transit": 11, "Student": 221, "Km_major": 0.35211451219000001, "SR_Type": "Local Road", "Schoo_SAvg": 20.260473687099999, "Schoo_FExp": 74765.2, "Zone_SAvg": 24.445523794500001, "Zone_FExp": 16257585.19, "Lv2_Score": 367.0, "Lv2_Rank": 94.0, "Lv3_Score": 338.0, "Lv3_Rank": 100.0, "BDS_Final_": 705.0, "BDS_Final": 108.0 }, "geometry": { "type": "Point", "coordinates": [ 110.829222600000037, -7.56092319399994 ] } },
{ "type": "Feature", "properties": { "School_ID": 153, "Address": "Jl. Adi Sucipto No. 11", "Lat": -7.557832488, "Long": 110.8061421, "School_Typ": "SD", "PROVINSI": "Provinsi Jawa Tengah", "KABUPATEN": "Kota Surakarta", "KECAMATAN": "Kecamatan Banjarsari", "KELURAHAN": "Manahan", "School_Nam": "SD KRISTEN KALAM KUDUS AGAPE SURAKARTA", "Severity": 90, "Intersect": 1, "Transit": 3, "Student": 465, "Km_major": 1.7387363226000001, "SR_Type": "Major Road", "Schoo_SAvg": 35.724925909, "Schoo_FExp": 1186153.28, "Zone_SAvg": 31.845311023099999, "Zone_FExp": 33156331.51, "Lv2_Score": 72.0, "Lv2_Rank": 11.0, "Lv3_Score": 89.0, "Lv3_Rank": 6.0, "BDS_Final_": 161.0, "BDS_Final": 3.0 }, "geometry": { "type": "Point", "coordinates": [ 110.806142100000045, -7.557832487999974 ] } },
{ "type": "Feature", "properties": { "School_ID": 154, "Address": "Jl. Adisucipto No. 11", "Lat": -7.558021722, "Long": 110.8061555, "School_Typ": "SD", "PROVINSI": "Provinsi Jawa Tengah", "KABUPATEN": "Kota Surakarta", "KECAMATAN": "Kecamatan Banjarsari", "KELURAHAN": "Manahan", "School_Nam": "SD KRISTEN KALAM KUDUS LOGOS SURAKARTA", "Severity": 90, "Intersect": 1, "Transit": 3, "Student": 467, "Km_major": 1.7656598567499999, "SR_Type": "Major Road", "Schoo_SAvg": 35.724925909, "Schoo_FExp": 1186153.28, "Zone_SAvg": 31.828372103500001, "Zone_FExp": 33938578.26, "Lv2_Score": 70.0, "Lv2_Rank": 10.0, "Lv3_Score": 88.0, "Lv3_Rank": 5.0, "BDS_Final_": 158.0, "BDS_Final": 2.0 }, "geometry": { "type": "Point", "coordinates": [ 110.806155500000045, -7.558021721999978 ] } },
{ "type": "Feature", "properties": { "School_ID": 155, "Address": "Jl. Mt Haryono No 12", "Lat": -7.556802921, "Long": 110.8104328, "School_Typ": "SD", "PROVINSI": "Provinsi Jawa Tengah", "KABUPATEN": "Kota Surakarta", "KECAMATAN": "Kecamatan Banjarsari", "KELURAHAN": "Manahan", "School_Nam": "SD KRISTEN MANAHAN", "Severity": 39, "Intersect": 1, "Transit": 4, "Student": 555, "Km_major": 0.97084123306000003, "SR_Type": "Major Road", "Schoo_SAvg": 28.5791910708, "Schoo_FExp": 155167.86, "Zone_SAvg": 25.222516487, "Zone_FExp": 25859193.8, "Lv2_Score": 118.0, "Lv2_Rank": 23.0, "Lv3_Score": 270.0, "Lv3_Rank": 65.0, "BDS_Final_": 388.0, "BDS_Final": 38.0 }, "geometry": { "type": "Point", "coordinates": [ 110.810432800000058, -7.556802920999928 ] } },
{ "type": "Feature", "properties": { "School_ID": 159, "Address": "Jl. Dr. P. Lumban Tobing No. 12 RT 03 RW 02", "Lat": -7.562017552, "Long": 110.8259419, "School_Typ": "SD", "PROVINSI": "Provinsi Jawa Tengah", "KABUPATEN": "Kota Surakarta", "KECAMATAN": "Kecamatan Banjarsari", "KELURAHAN": "Setabelan", "School_Nam": "SD KRISTEN WIDYA WACANA PASARLEGI", "Severity": 27, "Intersect": 0, "Transit": 11, "Student": 275, "Km_major": 0.82230311104999998, "SR_Type": "Local Road", "Schoo_SAvg": 0.0, "Schoo_FExp": 0.0, "Zone_SAvg": 22.536381133300001, "Zone_FExp": 9049934.25, "Lv2_Score": 309.0, "Lv2_Rank": 64.0, "Lv3_Score": 395.0, "Lv3_Rank": 113.0, "BDS_Final_": 704.0, "BDS_Final": 107.0 }, "geometry": { "type": "Point", "coordinates": [ 110.825941900000089, -7.562017551999929 ] } },
{ "type": "Feature", "properties": { "School_ID": 161, "Address": "Jl. Monumen 45 No.11", "Lat": -7.559994199, "Long": 110.8273771, "School_Typ": "SD", "PROVINSI": "Provinsi Jawa Tengah", "KABUPATEN": "Kota Surakarta", "KECAMATAN": "Kecamatan Banjarsari", "KELURAHAN": "Setabelan", "School_Nam": "SD LAZUARDI KAMILA GIS", "Severity": 63, "Intersect": 1, "Transit": 13, "Student": 276, "Km_major": 0.57547037126, "SR_Type": "Local Road", "Schoo_SAvg": 29.605177208800001, "Schoo_FExp": 299127.75, "Zone_SAvg": 26.050058051299999, "Zone_FExp": 18048083.86, "Lv2_Score": 323.0, "Lv2_Rank": 70.0, "Lv3_Score": 259.0, "Lv3_Rank": 61.0, "BDS_Final_": 582.0, "BDS_Final": 76.0 }, "geometry": { "type": "Point", "coordinates": [ 110.827377100000035, -7.559994198999959 ] } },
{ "type": "Feature", "properties": { "School_ID": 163, "Address": "Jl. Mangga VI Kelurahan Jajar, Kecamatan Laweyan, Kota Surakarta", "Lat": -7.552934707, "Long": 110.7902047, "School_Typ": "SD", "PROVINSI": "Provinsi Jawa Tengah", "KABUPATEN": "Kota Surakarta", "KECAMATAN": "Kecamatan Laweyan", "KELURAHAN": "Jajar", "School_Nam": "SD Muh. Alam Surya Mentari", "Severity": 30, "Intersect": 0, "Transit": 3, "Student": 203, "Km_major": 0.5248164019, "SR_Type": "Local Road", "Schoo_SAvg": 0.0, "Schoo_FExp": 0.0, "Zone_SAvg": 37.520978517800003, "Zone_FExp": 46302274.47, "Lv2_Score": 367.0, "Lv2_Rank": 94.0, "Lv3_Score": 192.0, "Lv3_Rank": 37.0, "BDS_Final_": 559.0, "BDS_Final": 67.0 }, "geometry": { "type": "Point", "coordinates": [ 110.790204700000061, -7.552934706999963 ] } },
{ "type": "Feature", "properties": { "School_ID": 169, "Address": "Jl. Srikaya 05", "Lat": -7.552573372, "Long": 110.7809679, "School_Typ": "SD", "PROVINSI": "Provinsi Jawa Tengah", "KABUPATEN": "Kota Surakarta", "KECAMATAN": "Kecamatan Laweyan", "KELURAHAN": "Karangasem", "School_Nam": "SD MUHAMMADIYAH 16 KARANGASEM", "Severity": 6, "Intersect": 0, "Transit": 0, "Student": 467, "Km_major": 0.0, "SR_Type": "Local Road", "Schoo_SAvg": 0.0, "Schoo_FExp": 0.0, "Zone_SAvg": 0.0, "Zone_FExp": 0.0, "Lv2_Score": 368.0, "Lv2_Rank": 95.0, "Lv3_Score": 439.0, "Lv3_Rank": 120.0, "BDS_Final_": 807.0, "BDS_Final": 123.0 }, "geometry": { "type": "Point", "coordinates": [ 110.780967900000064, -7.552573371999927 ] } },
{ "type": "Feature", "properties": { "School_ID": 179, "Address": "Jl.tentara Pelajar No.1", "Lat": -7.554982818, "Long": 110.8396347, "School_Typ": "SD", "PROVINSI": "Provinsi Jawa Tengah", "KABUPATEN": "Kota Surakarta", "KECAMATAN": "Kecamatan Jebres", "KELURAHAN": "Jebres", "School_Nam": "SD MUHAMMADIYAH 4 KANDANGSAPI", "Severity": 75, "Intersect": 1, "Transit": 5, "Student": 275, "Km_major": 1.3147236208199999, "SR_Type": "Major Road", "Schoo_SAvg": 13.851561389900001, "Schoo_FExp": 81882.12, "Zone_SAvg": 26.173839975700002, "Zone_FExp": 16385618.21, "Lv2_Score": 108.0, "Lv2_Rank": 21.0, "Lv3_Score": 327.0, "Lv3_Rank": 96.0, "BDS_Final_": 435.0, "BDS_Final": 44.0 }, "geometry": { "type": "Point", "coordinates": [ 110.839634700000033, -7.554982817999928 ] } },
{ "type": "Feature", "properties": { "School_ID": 180, "Address": "Jl. MANUNGGAL II KRAGILAN, RT 02 RW 12", "Lat": -7.537071554, "Long": 110.8290071, "School_Typ": "SD", "PROVINSI": "Provinsi Jawa Tengah", "KABUPATEN": "Kota Surakarta", "KECAMATAN": "Kecamatan Banjarsari", "KELURAHAN": "Banjarsari", "School_Nam": "SD MUHAMMADIYAH 5 KADIPIRO", "Severity": 3, "Intersect": 0, "Transit": 0, "Student": 316, "Km_major": 0.0, "SR_Type": "Local Road", "Schoo_SAvg": 0.0, "Schoo_FExp": 0.0, "Zone_SAvg": 0.0, "Zone_FExp": 0.0, "Lv2_Score": 386.0, "Lv2_Rank": 102.0, "Lv3_Score": 439.0, "Lv3_Rank": 120.0, "BDS_Final_": 825.0, "BDS_Final": 127.0 }, "geometry": { "type": "Point", "coordinates": [ 110.829007100000069, -7.537071553999965 ] } },
{ "type": "Feature", "properties": { "School_ID": 186, "Address": "Jl. Adi Sumarmo No 152", "Lat": -7.540696116, "Long": 110.808331, "School_Typ": "SD", "PROVINSI": "Provinsi Jawa Tengah", "KABUPATEN": "Kota Surakarta", "KECAMATAN": "Kecamatan Banjarsari", "KELURAHAN": "Banyuanyar", "School_Nam": "SD MUJAHIDIN", "Severity": 36, "Intersect": 1, "Transit": 2, "Student": 284, "Km_major": 0.82180477476000002, "SR_Type": "Local Road", "Schoo_SAvg": 18.896780181600001, "Schoo_FExp": 223957.08, "Zone_SAvg": 28.173059799899999, "Zone_FExp": 26991185.98, "Lv2_Score": 312.0, "Lv2_Rank": 66.0, "Lv3_Score": 256.0, "Lv3_Rank": 60.0, "BDS_Final_": 568.0, "BDS_Final": 69.0 }, "geometry": { "type": "Point", "coordinates": [ 110.808331, -7.540696115999936 ] } },
{ "type": "Feature", "properties": { "School_ID": 187, "Address": "Jl. Mataram Utara RT 03 RW 10", "Lat": -7.542778041, "Long": 110.8087983, "School_Typ": "SD", "PROVINSI": "Provinsi Jawa Tengah", "KABUPATEN": "Kota Surakarta", "KECAMATAN": "Kecamatan Banjarsari", "KELURAHAN": "Banyuanyar", "School_Nam": "SD Mujahidin International Islamic School", "Severity": 45, "Intersect": 2, "Transit": 0, "Student": 116, "Km_major": 1.4306456939700001, "SR_Type": "Local Road", "Schoo_SAvg": 0.0, "Schoo_FExp": 0.0, "Zone_SAvg": 28.671733099200001, "Zone_FExp": 33516014.48, "Lv2_Score": 297.0, "Lv2_Rank": 60.0, "Lv3_Score": 278.0, "Lv3_Rank": 69.0, "BDS_Final_": 575.0, "BDS_Final": 72.0 }, "geometry": { "type": "Point", "coordinates": [ 110.808798300000035, -7.542778040999963 ] } },
{ "type": "Feature", "properties": { "School_ID": 193, "Address": "Jl. Adi Sumarmo Gang Bone Timur 3 RT 01 RW 02", "Lat": -7.538719827, "Long": 110.8065326, "School_Typ": "SD", "PROVINSI": "Provinsi Jawa Tengah", "KABUPATEN": "Kota Surakarta", "KECAMATAN": "Kecamatan Banjarsari", "KELURAHAN": "Banyuanyar", "School_Nam": "SD TAHFIDZUL QUR`AN AL-ABIDIN SURAKARTA", "Severity": 36, "Intersect": 1, "Transit": 2, "Student": 465, "Km_major": 0.6471682053, "SR_Type": "Local Road", "Schoo_SAvg": 0.0, "Schoo_FExp": 0.0, "Zone_SAvg": 28.900474779700001, "Zone_FExp": 31468560.59, "Lv2_Score": 311.0, "Lv2_Rank": 65.0, "Lv3_Score": 280.0, "Lv3_Rank": 71.0, "BDS_Final_": 591.0, "BDS_Final": 79.0 }, "geometry": { "type": "Point", "coordinates": [ 110.806532600000082, -7.538719826999966 ] } },
{ "type": "Feature", "properties": { "School_ID": 197, "Address": "Jl. Clolo RT 01 RW 5", "Lat": -7.530521594, "Long": 110.8262505, "School_Typ": "SD", "PROVINSI": "Provinsi Jawa Tengah", "KABUPATEN": "Kota Surakarta", "KECAMATAN": "Kecamatan Banjarsari", "KELURAHAN": "Banjarsari", "School_Nam": "SDIT ALIF SMART", "Severity": 9, "Intersect": 0, "Transit": 0, "Student": 259, "Km_major": 0.44051536108, "SR_Type": "Local Road", "Schoo_SAvg": 22.250688483000001, "Schoo_FExp": 38620.52, "Zone_SAvg": 25.8559509004, "Zone_FExp": 1435820.29, "Lv2_Score": 380.0, "Lv2_Rank": 99.0, "Lv3_Score": 373.0, "Lv3_Rank": 109.0, "BDS_Final_": 753.0, "BDS_Final": 118.0 }, "geometry": { "type": "Point", "coordinates": [ 110.826250500000071, -7.530521593999936 ] } },
{ "type": "Feature", "properties": { "School_ID": 199, "Address": "Gg. Pisang 1, Tegalmakmur, RT. 04/05 Banjarsari, Banjarsari, Surakarta", "Lat": -7.530801423, "Long": 110.8225646, "School_Typ": "SD", "PROVINSI": "Provinsi Jawa Tengah", "KABUPATEN": "Kota Surakarta", "KECAMATAN": "Kecamatan Banjarsari", "KELURAHAN": "Banjarsari", "School_Nam": "SDIT BINA INSAN THOYIBAH", "Severity": 3, "Intersect": 0, "Transit": 0, "Student": 320, "Km_major": 0.44730898391000001, "SR_Type": "Local Road", "Schoo_SAvg": 0.0, "Schoo_FExp": 0.0, "Zone_SAvg": 34.523624881099998, "Zone_FExp": 988170.88, "Lv2_Score": 368.0, "Lv2_Rank": 95.0, "Lv3_Score": 317.0, "Lv3_Rank": 92.0, "BDS_Final_": 685.0, "BDS_Final": 103.0 }, "geometry": { "type": "Point", "coordinates": [ 110.822564600000078, -7.530801422999957 ] } },
{ "type": "Feature", "properties": { "School_ID": 200, "Address": "Jl. Duku VII RT. 04/VI Jajar, Laweyan, Surakarta", "Lat": -7.55212059, "Long": 110.7852819, "School_Typ": "SD", "PROVINSI": "Provinsi Jawa Tengah", "KABUPATEN": "Kota Surakarta", "KECAMATAN": "Kecamatan Laweyan", "KELURAHAN": "Jajar", "School_Nam": "SDIT INSAN MULIA SURAKARTA", "Severity": 12, "Intersect": 0, "Transit": 2, "Student": 670, "Km_major": 0.3222490422, "SR_Type": "Local Road", "Schoo_SAvg": 0.0, "Schoo_FExp": 0.0, "Zone_SAvg": 36.657965943599997, "Zone_FExp": 5470721.62, "Lv2_Score": 336.0, "Lv2_Rank": 80.0, "Lv3_Score": 291.0, "Lv3_Rank": 77.0, "BDS_Final_": 627.0, "BDS_Final": 88.0 }, "geometry": { "type": "Point", "coordinates": [ 110.785281900000086, -7.552120589999959 ] } },
{ "type": "Feature", "properties": { "School_ID": 201, "Address": "Jl. Lingkar Utara Km 5", "Lat": -7.542251849, "Long": 110.8548156, "School_Typ": "SD", "PROVINSI": "Provinsi Jawa Tengah", "KABUPATEN": "Kota Surakarta", "KECAMATAN": "Kecamatan Jebres", "KELURAHAN": "Mojosongo", "School_Nam": "SDIT LUQMAN AL HAKIM", "Severity": 75, "Intersect": 1, "Transit": 4, "Student": 496, "Km_major": 1.0571768566799999, "SR_Type": "Local Road", "Schoo_SAvg": 60.069598371200001, "Schoo_FExp": 613665.01, "Zone_SAvg": 40.510708440800002, "Zone_FExp": 7204940.59, "Lv2_Score": 244.0, "Lv2_Rank": 46.0, "Lv3_Score": 130.0, "Lv3_Rank": 14.0, "BDS_Final_": 374.0, "BDS_Final": 36.0 }, "geometry": { "type": "Point", "coordinates": [ 110.854815600000052, -7.542251848999967 ] } },
{ "type": "Feature", "properties": { "School_ID": 205, "Address": "Jl. Adi Sumarmo No. 277", "Lat": -7.536694423, "Long": 110.8012663, "School_Typ": "SD", "PROVINSI": "Provinsi Jawa Tengah", "KABUPATEN": "Kota Surakarta", "KECAMATAN": "Kecamatan Banjarsari", "KELURAHAN": "Banyuanyar", "School_Nam": "SDTQ AL MUJAHIDIN", "Severity": 48, "Intersect": 1, "Transit": 2, "Student": 353, "Km_major": 1.3224493422700001, "SR_Type": "Major Road", "Schoo_SAvg": 30.252557339799999, "Schoo_FExp": 519028.0, "Zone_SAvg": 28.0939985684, "Zone_FExp": 25696362.47, "Lv2_Score": 102.0, "Lv2_Rank": 18.0, "Lv3_Score": 205.0, "Lv3_Rank": 40.0, "BDS_Final_": 307.0, "BDS_Final": 24.0 }, "geometry": { "type": "Point", "coordinates": [ 110.801266300000066, -7.536694422999972 ] } },
{ "type": "Feature", "properties": { "School_ID": 207, "Address": "Jl. Mt. Haryono 4", "Lat": -7.558097322, "Long": 110.8089921, "School_Typ": "SMP", "PROVINSI": "Provinsi Jawa Tengah", "KABUPATEN": "Kota Surakarta", "KECAMATAN": "Kecamatan Banjarsari", "KELURAHAN": "Manahan", "School_Nam": "SMP Negeri 1 Kota Surakarta", "Severity": 54, "Intersect": 1, "Transit": 2, "Student": 952, "Km_major": 1.3805768513500001, "SR_Type": "Major Road", "Schoo_SAvg": 33.630011221099998, "Schoo_FExp": 263740.0, "Zone_SAvg": 27.764885537200001, "Zone_FExp": 30923601.83, "Lv2_Score": 55.0, "Lv2_Rank": 6.0, "Lv3_Score": 183.0, "Lv3_Rank": 33.0, "BDS_Final_": 238.0, "BDS_Final": 17.0 }, "geometry": { "type": "Point", "coordinates": [ 110.808992100000069, -7.558097321999981 ] } },
{ "type": "Feature", "properties": { "School_ID": 210, "Address": "Jl. A Yani 370, Kota Surakarta", "Lat": -7.552989463, "Long": 110.800023, "School_Typ": "SMP", "PROVINSI": "Provinsi Jawa Tengah", "KABUPATEN": "Kota Surakarta", "KECAMATAN": "Kecamatan Laweyan", "KELURAHAN": "Kerten", "School_Nam": "SMP Negeri 12 Kota Surakarta", "Severity": 90, "Intersect": 5, "Transit": 4, "Student": 725, "Km_major": 1.36017836927, "SR_Type": "Major Road", "Schoo_SAvg": 30.475085493600002, "Schoo_FExp": 1148694.35, "Zone_SAvg": 26.7658299814, "Zone_FExp": 80869628.75, "Lv2_Score": 51.0, "Lv2_Rank": 4.0, "Lv3_Score": 141.0, "Lv3_Rank": 17.0, "BDS_Final_": 192.0, "BDS_Final": 8.0 }, "geometry": { "type": "Point", "coordinates": [ 110.800023, -7.55298946299996 ] } },
{ "type": "Feature", "properties": { "School_ID": 214, "Address": "Jl. Kolonel Sutarto 188", "Lat": -7.559533132, "Long": 110.8375484, "School_Typ": "SMP", "PROVINSI": "Provinsi Jawa Tengah", "KABUPATEN": "Kota Surakarta", "KECAMATAN": "Kecamatan Jebres", "KELURAHAN": "Jebres", "School_Nam": "SMP Negeri 16 Kota Surakarta", "Severity": 90, "Intersect": 2, "Transit": 8, "Student": 619, "Km_major": 1.22900822376, "SR_Type": "Major Road", "Schoo_SAvg": 27.1872806131, "Schoo_FExp": 631856.87, "Zone_SAvg": 25.457145843599999, "Zone_FExp": 41045139.12, "Lv2_Score": 68.0, "Lv2_Rank": 9.0, "Lv3_Score": 213.0, "Lv3_Rank": 43.0, "BDS_Final_": 281.0, "BDS_Final": 21.0 }, "geometry": { "type": "Point", "coordinates": [ 110.83754840000006, -7.559533131999956 ] } },
{ "type": "Feature", "properties": { "School_ID": 216, "Address": "Jl. Gn. Slamet, Sukorejo, Kec. Banjarsari, Kota Surakarta, Jawa Tengah 57136", "Lat": -7.536673734, "Long": 110.8329367, "School_Typ": "SMP", "PROVINSI": "Provinsi Jawa Tengah", "KABUPATEN": "Kota Surakarta", "KECAMATAN": "Kecamatan Banjarsari", "KELURAHAN": "Banjarsari", "School_Nam": "SMP Negeri 18 Kota Surakarta", "Severity": 30, "Intersect": 0, "Transit": 0, "Student": 739, "Km_major": 0.0, "SR_Type": "Local Road", "Schoo_SAvg": 35.589850766399998, "Schoo_FExp": 105410.02, "Zone_SAvg": 28.027218179599998, "Zone_FExp": 2381606.68, "Lv2_Score": 335.0, "Lv2_Rank": 79.0, "Lv3_Score": 271.0, "Lv3_Rank": 66.0, "BDS_Final_": 606.0, "BDS_Final": 82.0 }, "geometry": { "type": "Point", "coordinates": [ 110.832936700000062, -7.536673733999976 ] } },
{ "type": "Feature", "properties": { "School_ID": 218, "Address": "Jl. Apel No. 3", "Lat": -7.555440783, "Long": 110.7888228, "School_Typ": "SMP", "PROVINSI": "Provinsi Jawa Tengah", "KABUPATEN": "Kota Surakarta", "KECAMATAN": "Kecamatan Laweyan", "KELURAHAN": "Jajar", "School_Nam": "SMP Negeri 2 Kota Surakarta", "Severity": 27, "Intersect": 0, "Transit": 1, "Student": 747, "Km_major": 0.39526732294, "SR_Type": "Local Road", "Schoo_SAvg": 0.0, "Schoo_FExp": 0.0, "Zone_SAvg": 36.453054406200003, "Zone_FExp": 7393704.87, "Lv2_Score": 324.0, "Lv2_Rank": 71.0, "Lv3_Score": 286.0, "Lv3_Rank": 76.0, "BDS_Final_": 610.0, "BDS_Final": 84.0 }, "geometry": { "type": "Point", "coordinates": [ 110.788822800000048, -7.555440782999938 ] } },
{ "type": "Feature", "properties": { "School_ID": 222, "Address": "Jl. Kapten Adi Sumarmo", "Lat": -7.538729978, "Long": 110.8072385, "School_Typ": "SMP", "PROVINSI": "Provinsi Jawa Tengah", "KABUPATEN": "Kota Surakarta", "KECAMATAN": "Kecamatan Banjarsari", "KELURAHAN": "Banyuanyar", "School_Nam": "SMP Negeri 23 Kota Surakarta", "Severity": 36, "Intersect": 1, "Transit": 2, "Student": 637, "Km_major": 0.5270773285, "SR_Type": "Local Road", "Schoo_SAvg": 0.0, "Schoo_FExp": 0.0, "Zone_SAvg": 28.416336965399999, "Zone_FExp": 28891286.29, "Lv2_Score": 313.0, "Lv2_Rank": 67.0, "Lv3_Score": 301.0, "Lv3_Rank": 80.0, "BDS_Final_": 614.0, "BDS_Final": 85.0 }, "geometry": { "type": "Point", "coordinates": [ 110.807238500000039, -7.538729977999935 ] } },
{ "type": "Feature", "properties": { "School_ID": 223, "Address": "Jl. Moewardi 36 Surakarta", "Lat": -7.563734784, "Long": 110.806675, "School_Typ": "SMP", "PROVINSI": "Provinsi Jawa Tengah", "KABUPATEN": "Kota Surakarta", "KECAMATAN": "Kecamatan Laweyan", "KELURAHAN": "Penumping", "School_Nam": "SMP Negeri 24 Kota Surakarta", "Severity": 33, "Intersect": 1, "Transit": 8, "Student": 660, "Km_major": 1.0615155619300001, "SR_Type": "Major Road", "Schoo_SAvg": 27.079054489000001, "Schoo_FExp": 1022204.52, "Zone_SAvg": 26.472154707400001, "Zone_FExp": 43937565.51, "Lv2_Score": 96.0, "Lv2_Rank": 17.0, "Lv3_Score": 186.0, "Lv3_Rank": 34.0, "BDS_Final_": 282.0, "BDS_Final": 22.0 }, "geometry": { "type": "Point", "coordinates": [ 110.806675, -7.563734783999962 ] } },
{ "type": "Feature", "properties": { "School_ID": 224, "Address": "Jl. Dr. Muwardi 36", "Lat": -7.564066454, "Long": 110.8065688, "School_Typ": "SMP", "PROVINSI": "Provinsi Jawa Tengah", "KABUPATEN": "Kota Surakarta", "KECAMATAN": "Kecamatan Laweyan", "KELURAHAN": "Penumping", "School_Nam": "SMP Negeri 25 Kota Surakarta", "Severity": 33, "Intersect": 1, "Transit": 8, "Student": 748, "Km_major": 1.11588460319, "SR_Type": "Major Road", "Schoo_SAvg": 24.297729425899998, "Schoo_FExp": 918157.74, "Zone_SAvg": 26.795178700099999, "Zone_FExp": 47168178.2, "Lv2_Score": 82.0, "Lv2_Rank": 13.0, "Lv3_Score": 182.0, "Lv3_Rank": 32.0, "BDS_Final_": 264.0, "BDS_Final": 19.0 }, "geometry": { "type": "Point", "coordinates": [ 110.806568800000036, -7.564066453999942 ] } },
{ "type": "Feature", "properties": { "School_ID": 226, "Address": "Jl. Transito no.32", "Lat": -7.56503584, "Long": 110.7845405, "School_Typ": "SMP", "PROVINSI": "Provinsi Jawa Tengah", "KABUPATEN": "Kota Surakarta", "KECAMATAN": "Kecamatan Laweyan", "KELURAHAN": "Pajang", "School_Nam": "SMP Negeri 27 Kota Surakarta", "Severity": 15, "Intersect": 0, "Transit": 0, "Student": 550, "Km_major": 0.05679318915, "SR_Type": "Local Road", "Schoo_SAvg": 31.960197749, "Schoo_FExp": 243076.48, "Zone_SAvg": 29.775778699300002, "Zone_FExp": 8519404.6, "Lv2_Score": 355.0, "Lv2_Rank": 88.0, "Lv3_Score": 226.0, "Lv3_Rank": 47.0, "BDS_Final_": 581.0, "BDS_Final": 75.0 }, "geometry": { "type": "Point", "coordinates": [ 110.784540500000048, -7.56503583999995 ] } },
{ "type": "Feature", "properties": { "School_ID": 227, "Address": "Jl. Matoa Raya 1", "Lat": -7.551270705, "Long": 110.7741165, "School_Typ": "SMP", "PROVINSI": "Provinsi Jawa Tengah", "KABUPATEN": "Kota Surakarta", "KECAMATAN": "Kecamatan Laweyan", "KELURAHAN": "Karangasem", "School_Nam": "SMP Negeri 3 Kota Surakarta", "Severity": 6, "Intersect": 0, "Transit": 0, "Student": 761, "Km_major": 0.0, "SR_Type": "Local Road", "Schoo_SAvg": 0.0, "Schoo_FExp": 0.0, "Zone_SAvg": 26.1895137375, "Zone_FExp": 3374661.78, "Lv2_Score": 339.0, "Lv2_Rank": 81.0, "Lv3_Score": 390.0, "Lv3_Rank": 111.0, "BDS_Final_": 729.0, "BDS_Final": 112.0 }, "geometry": { "type": "Point", "coordinates": [ 110.774116500000048, -7.551270704999979 ] } },
{ "type": "Feature", "properties": { "School_ID": 228, "Address": "Jl. DI. Panjaitan 14", "Lat": -7.560271522, "Long": 110.8285228, "School_Typ": "SMP", "PROVINSI": "Provinsi Jawa Tengah", "KABUPATEN": "Kota Surakarta", "KECAMATAN": "Kecamatan Banjarsari", "KELURAHAN": "Setabelan", "School_Nam": "SMP Negeri 4 Kota Surakarta", "Severity": 48, "Intersect": 1, "Transit": 14, "Student": 856, "Km_major": 0.5681170178, "SR_Type": "Local Road", "Schoo_SAvg": 26.532015081499999, "Schoo_FExp": 256145.38, "Zone_SAvg": 25.717524238700001, "Zone_FExp": 17637737.44, "Lv2_Score": 273.0, "Lv2_Rank": 51.0, "Lv3_Score": 282.0, "Lv3_Rank": 73.0, "BDS_Final_": 555.0, "BDS_Final": 66.0 }, "geometry": { "type": "Point", "coordinates": [ 110.828522800000087, -7.560271521999937 ] } },
{ "type": "Feature", "properties": { "School_ID": 229, "Address": "Jl. Ringroad No.4", "Lat": -7.539710591, "Long": 110.8489911, "School_Typ": "SMP", "PROVINSI": "Provinsi Jawa Tengah", "KABUPATEN": "Kota Surakarta", "KECAMATAN": "Kecamatan Jebres", "KELURAHAN": "Mojosongo", "School_Nam": "SMP Negeri 5 Kota Surakarta", "Severity": 72, "Intersect": 1, "Transit": 2, "Student": 735, "Km_major": 0.65821607379000002, "SR_Type": "Major Road", "Schoo_SAvg": 51.071831147300003, "Schoo_FExp": 445831.55, "Zone_SAvg": 33.342241961699997, "Zone_FExp": 12447826.36, "Lv2_Score": 129.0, "Lv2_Rank": 28.0, "Lv3_Score": 154.0, "Lv3_Rank": 20.0, "BDS_Final_": 283.0, "BDS_Final": 23.0 }, "geometry": { "type": "Point", "coordinates": [ 110.848991100000035, -7.53971059099996 ] } },
{ "type": "Feature", "properties": { "School_ID": 232, "Address": "Jl. Hos Cokroaminoto 51", "Lat": -7.563503355, "Long": 110.8484888, "School_Typ": "SMP", "PROVINSI": "Provinsi Jawa Tengah", "KABUPATEN": "Kota Surakarta", "KECAMATAN": "Kecamatan Jebres", "KELURAHAN": "Jebres", "School_Nam": "SMP Negeri 8 Kota Surakarta", "Severity": 78, "Intersect": 1, "Transit": 4, "Student": 751, "Km_major": 0.88029511801000004, "SR_Type": "Major Road", "Schoo_SAvg": 26.9369427964, "Schoo_FExp": 169805.1, "Zone_SAvg": 28.655422871100001, "Zone_FExp": 27459720.1, "Lv2_Score": 95.0, "Lv2_Rank": 16.0, "Lv3_Score": 225.0, "Lv3_Rank": 46.0, "BDS_Final_": 320.0, "BDS_Final": 28.0 }, "geometry": { "type": "Point", "coordinates": [ 110.848488800000041, -7.563503354999966 ] } },
{ "type": "Feature", "properties": { "School_ID": 233, "Address": "Jl. Sekar Jagat I Jegon", "Lat": -7.573541984, "Long": 110.7853963, "School_Typ": "SMP", "PROVINSI": "Provinsi Jawa Tengah", "KABUPATEN": "Kota Surakarta", "KECAMATAN": "Kecamatan Laweyan", "KELURAHAN": "Pajang", "School_Nam": "SMP Negeri 9 Kota Surakarta", "Severity": 21, "Intersect": 0, "Transit": 0, "Student": 848, "Km_major": 0.41520464846, "SR_Type": "Local Road", "Schoo_SAvg": 0.0, "Schoo_FExp": 0.0, "Zone_SAvg": 30.859994829600002, "Zone_FExp": 16187812.05, "Lv2_Score": 321.0, "Lv2_Rank": 69.0, "Lv3_Score": 305.0, "Lv3_Rank": 83.0, "BDS_Final_": 626.0, "BDS_Final": 87.0 }, "geometry": { "type": "Point", "coordinates": [ 110.785396300000059, -7.573541983999974 ] } },
{ "type": "Feature", "properties": { "School_ID": 234, "Address": "Jl. MANGGIS IV RT 004 RW 006 JAJAR, LAWEYAN, SURAKARTA", "Lat": -7.550927084, "Long": 110.7855233, "School_Typ": "SMP", "PROVINSI": "Provinsi Jawa Tengah", "KABUPATEN": "Kota Surakarta", "KECAMATAN": "Kecamatan Laweyan", "KELURAHAN": "Jajar", "School_Nam": "SMPIT INSAN MULIA SURAKARTA", "Severity": 48, "Intersect": 0, "Transit": 3, "Student": 272, "Km_major": 0.7608254541, "SR_Type": "Local Road", "Schoo_SAvg": 0.0, "Schoo_FExp": 0.0, "Zone_SAvg": 36.216158738200001, "Zone_FExp": 55483306.58, "Lv2_Score": 323.0, "Lv2_Rank": 70.0, "Lv3_Score": 192.0, "Lv3_Rank": 37.0, "BDS_Final_": 515.0, "BDS_Final": 59.0 }, "geometry": { "type": "Point", "coordinates": [ 110.785523300000079, -7.550927083999966 ] } },
{ "type": "Feature", "properties": { "School_ID": 235, "Address": "Jl. Tarumanegara III RT 001 RW 007", "Lat": -7.539101571, "Long": 110.8059199, "School_Typ": "SMP", "PROVINSI": "Provinsi Jawa Tengah", "KABUPATEN": "Kota Surakarta", "KECAMATAN": "Kecamatan Banjarsari", "KELURAHAN": "Banyuanyar", "School_Nam": "SMP ABBS SURAKARTA", "Severity": 33, "Intersect": 1, "Transit": 2, "Student": 532, "Km_major": 0.81364203345999997, "SR_Type": "Local Road", "Schoo_SAvg": 31.107114517300001, "Schoo_FExp": 550390.62, "Zone_SAvg": 28.616048963800001, "Zone_FExp": 30816820.27, "Lv2_Score": 286.0, "Lv2_Rank": 56.0, "Lv3_Score": 171.0, "Lv3_Rank": 27.0, "BDS_Final_": 457.0, "BDS_Final": 48.0 }, "geometry": { "type": "Point", "coordinates": [ 110.805919900000049, -7.539101570999946 ] } },
{ "type": "Feature", "properties": { "School_ID": 236, "Address": "Jl.  Pratanggapati  No.  53  RT03  RW01", "Lat": -7.561282623, "Long": 110.8390774, "School_Typ": "SMP", "PROVINSI": "Provinsi Jawa Tengah", "KABUPATEN": "Kota Surakarta", "KECAMATAN": "Kecamatan Jebres", "KELURAHAN": "Jebres", "School_Nam": "SMP ADVENT SURAKARTA", "Severity": 66, "Intersect": 1, "Transit": 4, "Student": 29, "Km_major": 0.76696328913, "SR_Type": "Local Road", "Schoo_SAvg": 0.0, "Schoo_FExp": 0.0, "Zone_SAvg": 25.3660485075, "Zone_FExp": 30580038.21, "Lv2_Score": 364.0, "Lv2_Rank": 93.0, "Lv3_Score": 331.0, "Lv3_Rank": 98.0, "BDS_Final_": 695.0, "BDS_Final": 106.0 }, "geometry": { "type": "Point", "coordinates": [ 110.839077400000065, -7.561282622999954 ] } },
{ "type": "Feature", "properties": { "School_ID": 238, "Address": "Jl. Mt. Haryono No.82", "Lat": -7.550761934, "Long": 110.8140868, "School_Typ": "SMP", "PROVINSI": "Provinsi Jawa Tengah", "KABUPATEN": "Kota Surakarta", "KECAMATAN": "Kecamatan Banjarsari", "KELURAHAN": "Manahan", "School_Nam": "SMP AL-AZHAR SYIFA BUDI SOLO", "Severity": 75, "Intersect": 3, "Transit": 2, "Student": 289, "Km_major": 1.5555964736700001, "SR_Type": "Major Road", "Schoo_SAvg": 31.0, "Schoo_FExp": 135463.8, "Zone_SAvg": 31.557033024100001, "Zone_FExp": 31812990.61, "Lv2_Score": 95.0, "Lv2_Rank": 16.0, "Lv3_Score": 162.0, "Lv3_Rank": 24.0, "BDS_Final_": 257.0, "BDS_Final": 18.0 }, "geometry": { "type": "Point", "coordinates": [ 110.814086800000041, -7.550761933999979 ] } },
{ "type": "Feature", "properties": { "School_ID": 242, "Address": "Jl. Slamet Riyadi No 447", "Lat": -7.561125434, "Long": 110.790994, "School_Typ": "SMP", "PROVINSI": "Provinsi Jawa Tengah", "KABUPATEN": "Kota Surakarta", "KECAMATAN": "Kecamatan Laweyan", "KELURAHAN": "Pajang", "School_Nam": "SMP BATIK SURAKARTA", "Severity": 81, "Intersect": 2, "Transit": 1, "Student": 492, "Km_major": 1.0500472531, "SR_Type": "Major Road", "Schoo_SAvg": 31.837195972699998, "Schoo_FExp": 84429.06, "Zone_SAvg": 32.274250333700003, "Zone_FExp": 45850506.21, "Lv2_Score": 104.0, "Lv2_Rank": 19.0, "Lv3_Score": 133.0, "Lv3_Rank": 15.0, "BDS_Final_": 237.0, "BDS_Final": 16.0 }, "geometry": { "type": "Point", "coordinates": [ 110.790994, -7.561125433999962 ] } },
{ "type": "Feature", "properties": { "School_ID": 244, "Address": "Jl. Bromo IV RT 04 RW 03", "Lat": -7.531416425, "Long": 110.8227664, "School_Typ": "SMP", "PROVINSI": "Provinsi Jawa Tengah", "KABUPATEN": "Kota Surakarta", "KECAMATAN": "Kecamatan Banjarsari", "KELURAHAN": "Banjarsari", "School_Nam": "SMP Budi Utomo Surakarta", "Severity": 3, "Intersect": 0, "Transit": 0, "Student": 555, "Km_major": 0.53063744717000005, "SR_Type": "Local Road", "Schoo_SAvg": 0.0, "Schoo_FExp": 0.0, "Zone_SAvg": 34.308857040500001, "Zone_FExp": 1202200.99, "Lv2_Score": 331.0, "Lv2_Rank": 76.0, "Lv3_Score": 315.0, "Lv3_Rank": 90.0, "BDS_Final_": 646.0, "BDS_Final": 93.0 }, "geometry": { "type": "Point", "coordinates": [ 110.822766400000035, -7.531416424999975 ] } },
{ "type": "Feature", "properties": { "School_ID": 245, "Address": "Jl. Monginsidi No. 28", "Lat": -7.55852294, "Long": 110.8320911, "School_Typ": "SMP", "PROVINSI": "Provinsi Jawa Tengah", "KABUPATEN": "Kota Surakarta", "KECAMATAN": "Kecamatan Banjarsari", "KELURAHAN": "Gilingan", "School_Nam": "SMP CHARIS", "Severity": 39, "Intersect": 0, "Transit": 7, "Student": 89, "Km_major": 1.07481943795, "SR_Type": "Major Road", "Schoo_SAvg": 31.684499386300001, "Schoo_FExp": 307184.39, "Zone_SAvg": 30.90694061, "Zone_FExp": 24504124.57, "Lv2_Score": 180.0, "Lv2_Rank": 38.0, "Lv3_Score": 176.0, "Lv3_Rank": 29.0, "BDS_Final_": 356.0, "BDS_Final": 35.0 }, "geometry": { "type": "Point", "coordinates": [ 110.832091100000071, -7.558522939999932 ] } },
{ "type": "Feature", "properties": { "School_ID": 248, "Address": "Jl. Adisucipto No.15, Manahan, Banjarsari, 57139", "Lat": -7.557459473, "Long": 110.8055021, "School_Typ": "SMP", "PROVINSI": "Provinsi Jawa Tengah", "KABUPATEN": "Kota Surakarta", "KECAMATAN": "Kecamatan Banjarsari", "KELURAHAN": "Manahan", "School_Nam": "SMP FOCUS INDEPENDENT SCHOOL", "Severity": 75, "Intersect": 1, "Transit": 2, "Student": 78, "Km_major": 1.45591697128, "SR_Type": "Major Road", "Schoo_SAvg": 39.2655683622, "Schoo_FExp": 1321121.46, "Zone_SAvg": 33.4018665846, "Zone_FExp": 34867057.35, "Lv2_Score": 152.0, "Lv2_Rank": 33.0, "Lv3_Score": 66.0, "Lv3_Rank": 4.0, "BDS_Final_": 218.0, "BDS_Final": 12.0 }, "geometry": { "type": "Point", "coordinates": [ 110.805502100000069, -7.557459472999938 ] } },
{ "type": "Feature", "properties": { "School_ID": 249, "Address": "JL. TARUMA NEGARA 3 BANYUANYAR", "Lat": -7.538048912, "Long": 110.8060637, "School_Typ": "SMP", "PROVINSI": "Provinsi Jawa Tengah", "KABUPATEN": "Kota Surakarta", "KECAMATAN": "Kecamatan Banjarsari", "KELURAHAN": "Banyuanyar", "School_Nam": "SMP ISLAM AL ABIDIN", "Severity": 36, "Intersect": 1, "Transit": 1, "Student": 391, "Km_major": 0.66938904323000004, "SR_Type": "Local Road", "Schoo_SAvg": 0.0, "Schoo_FExp": 0.0, "Zone_SAvg": 30.7375569728, "Zone_FExp": 30192784.86, "Lv2_Score": 314.0, "Lv2_Rank": 68.0, "Lv3_Score": 271.0, "Lv3_Rank": 66.0, "BDS_Final_": 585.0, "BDS_Final": 77.0 }, "geometry": { "type": "Point", "coordinates": [ 110.806063700000038, -7.538048911999965 ] } },
{ "type": "Feature", "properties": { "School_ID": 254, "Address": "Jl. Abdul Rachman Saleh  No. 1 Surakarta", "Lat": -7.559384822, "Long": 110.8280651, "School_Typ": "SMP", "PROVINSI": "Provinsi Jawa Tengah", "KABUPATEN": "Kota Surakarta", "KECAMATAN": "Kecamatan Banjarsari", "KELURAHAN": "Setabelan", "School_Nam": "SMP KRISTEN 1", "Severity": 42, "Intersect": 1, "Transit": 11, "Student": 200, "Km_major": 0.75608240598999998, "SR_Type": "Local Road", "Schoo_SAvg": 24.744671452199999, "Schoo_FExp": 286800.64, "Zone_SAvg": 26.690704256099998, "Zone_FExp": 19389007.53, "Lv2_Score": 327.0, "Lv2_Rank": 74.0, "Lv3_Score": 262.0, "Lv3_Rank": 62.0, "BDS_Final_": 589.0, "BDS_Final": 78.0 }, "geometry": { "type": "Point", "coordinates": [ 110.82806510000006, -7.55938482199997 ] } },
{ "type": "Feature", "properties": { "School_ID": 258, "Address": "Jl. Monumen 45 no 11", "Lat": -7.560817658, "Long": 110.8273959, "School_Typ": "SMP", "PROVINSI": "Provinsi Jawa Tengah", "KABUPATEN": "Kota Surakarta", "KECAMATAN": "Kecamatan Banjarsari", "KELURAHAN": "Setabelan", "School_Nam": "SMP LAZUARDI KAMILA GIS", "Severity": 45, "Intersect": 1, "Transit": 13, "Student": 94, "Km_major": 0.27329458101999998, "SR_Type": "Local Road", "Schoo_SAvg": 22.011133855899999, "Schoo_FExp": 44086.1, "Zone_SAvg": 25.343815511300001, "Zone_FExp": 14184907.02, "Lv2_Score": 407.0, "Lv2_Rank": 109.0, "Lv3_Score": 340.0, "Lv3_Rank": 101.0, "BDS_Final_": 747.0, "BDS_Final": 117.0 }, "geometry": { "type": "Point", "coordinates": [ 110.827395900000056, -7.560817657999962 ] } },
{ "type": "Feature", "properties": { "School_ID": 261, "Address": "Jl. Srikoyo No.3", "Lat": -7.552767662, "Long": 110.7811008, "School_Typ": "SMP", "PROVINSI": "Provinsi Jawa Tengah", "KABUPATEN": "Kota Surakarta", "KECAMATAN": "Kecamatan Laweyan", "KELURAHAN": "Karangasem", "School_Nam": "SMP MUHAMMADIYAH 10 SURAKARTA", "Severity": 6, "Intersect": 0, "Transit": 0, "Student": 82, "Km_major": 0.0, "SR_Type": "Local Road", "Schoo_SAvg": 0.0, "Schoo_FExp": 0.0, "Zone_SAvg": 0.0, "Zone_FExp": 0.0, "Lv2_Score": 439.0, "Lv2_Rank": 119.0, "Lv3_Score": 439.0, "Lv3_Rank": 120.0, "BDS_Final_": 878.0, "BDS_Final": 131.0 }, "geometry": { "type": "Point", "coordinates": [ 110.781100800000047, -7.552767661999951 ] } },
{ "type": "Feature", "properties": { "School_ID": 262, "Address": "Jl. Kerinci No. 15 Sekip RT 04 RW 03 Banjarsari Banjarsari Surakarta", "Lat": -7.532113336, "Long": 110.8209492, "School_Typ": "SMP", "PROVINSI": "Provinsi Jawa Tengah", "KABUPATEN": "Kota Surakarta", "KECAMATAN": "Kecamatan Banjarsari", "KELURAHAN": "Banjarsari", "School_Nam": "SMP MUHAMMADIYAH 2 SURAKARTA", "Severity": 36, "Intersect": 1, "Transit": 1, "Student": 338, "Km_major": 1.0224797593599999, "SR_Type": "Major Road", "Schoo_SAvg": 31.823605402199998, "Schoo_FExp": 54195.6, "Zone_SAvg": 31.399951000400002, "Zone_FExp": 8235864.81, "Lv2_Score": 138.0, "Lv2_Rank": 29.0, "Lv3_Score": 240.0, "Lv3_Rank": 54.0, "BDS_Final_": 378.0, "BDS_Final": 37.0 }, "geometry": { "type": "Point", "coordinates": [ 110.820949200000086, -7.532113335999952 ] } },
{ "type": "Feature", "properties": { "School_ID": 264, "Address": "Jl. Slamet Riyadi 443", "Lat": -7.561473052, "Long": 110.7918044, "School_Typ": "SMP", "PROVINSI": "Provinsi Jawa Tengah", "KABUPATEN": "Kota Surakarta", "KECAMATAN": "Kecamatan Laweyan", "KELURAHAN": "Pajang", "School_Nam": "SMP MUHAMMADIYAH 5 SURAKARTA", "Severity": 72, "Intersect": 2, "Transit": 1, "Student": 494, "Km_major": 1.1384876715300001, "SR_Type": "Major Road", "Schoo_SAvg": 34.025333570500003, "Schoo_FExp": 95628.2, "Zone_SAvg": 32.266132846600001, "Zone_FExp": 43407956.68, "Lv2_Score": 96.0, "Lv2_Rank": 17.0, "Lv3_Score": 126.0, "Lv3_Rank": 12.0, "BDS_Final_": 222.0, "BDS_Final": 13.0 }, "geometry": { "type": "Point", "coordinates": [ 110.791804400000046, -7.56147305199994 ] } },
{ "type": "Feature", "properties": { "School_ID": 268, "Address": "Jl. Mangga VI", "Lat": -7.552170882, "Long": 110.7906896, "School_Typ": "SMP", "PROVINSI": "Provinsi Jawa Tengah", "KABUPATEN": "Kota Surakarta", "KECAMATAN": "Kecamatan Laweyan", "KELURAHAN": "Jajar", "School_Nam": "SMP MUHAMMADIYAH ALAM SURYA MENTARI", "Severity": 27, "Intersect": 0, "Transit": 4, "Student": 17, "Km_major": 0.53974154005999997, "SR_Type": "Local Road", "Schoo_SAvg": 0.0, "Schoo_FExp": 0.0, "Zone_SAvg": 37.0182641026, "Zone_FExp": 50760629.51, "Lv2_Score": 409.0, "Lv2_Rank": 110.0, "Lv3_Score": 190.0, "Lv3_Rank": 36.0, "BDS_Final_": 599.0, "BDS_Final": 81.0 }, "geometry": { "type": "Point", "coordinates": [ 110.790689600000064, -7.552170881999928 ] } },
{ "type": "Feature", "properties": { "School_ID": 270, "Address": "Jl. Dr. Wahidin No. 33", "Lat": -7.568440114, "Long": 110.805948, "School_Typ": "SMP", "PROVINSI": "Provinsi Jawa Tengah", "KABUPATEN": "Kota Surakarta", "KECAMATAN": "Kecamatan Laweyan", "KELURAHAN": "Penumping", "School_Nam": "SMP MURNI I", "Severity": 33, "Intersect": 0, "Transit": 6, "Student": 1, "Km_major": 0.58583531443000003, "SR_Type": "Major Road", "Schoo_SAvg": 27.897556139900001, "Schoo_FExp": 983547.87, "Zone_SAvg": 25.206461081099999, "Zone_FExp": 13908089.52, "Lv2_Score": 255.0, "Lv2_Rank": 49.0, "Lv3_Score": 267.0, "Lv3_Rank": 64.0, "BDS_Final_": 522.0, "BDS_Final": 61.0 }, "geometry": { "type": "Point", "coordinates": [ 110.805948, -7.568440113999941 ] } },
{ "type": "Feature", "properties": { "School_ID": 273, "Address": "Jl. L.U .Adisucipto No.45", "Lat": -7.553121063, "Long": 110.795729, "School_Typ": "SMP", "PROVINSI": "Provinsi Jawa Tengah", "KABUPATEN": "Kota Surakarta", "KECAMATAN": "Kecamatan Laweyan", "KELURAHAN": "Kerten", "School_Nam": "SMP REGINA PACIS SURAKARTA", "Severity": 24, "Intersect": 1, "Transit": 4, "Student": 666, "Km_major": 0.8146583175, "SR_Type": "Major Road", "Schoo_SAvg": 40.598171339700002, "Schoo_FExp": 1404660.19, "Zone_SAvg": 34.1914911366, "Zone_FExp": 44731024.1, "Lv2_Score": 128.0, "Lv2_Rank": 27.0, "Lv3_Score": 42.0, "Lv3_Rank": 1.0, "BDS_Final_": 170.0, "BDS_Final": 5.0 }, "geometry": { "type": "Point", "coordinates": [ 110.795729, -7.553121062999935 ] } },
{ "type": "Feature", "properties": { "School_ID": 276, "Address": "Jl. DR. P. Lumban Tobing No.12", "Lat": -7.561820482, "Long": 110.8260842, "School_Typ": "SMP", "PROVINSI": "Provinsi Jawa Tengah", "KABUPATEN": "Kota Surakarta", "KECAMATAN": "Kecamatan Banjarsari", "KELURAHAN": "Setabelan", "School_Nam": "SMP WIDYA WACANA 1 SURAKARTA", "Severity": 24, "Intersect": 0, "Transit": 11, "Student": 174, "Km_major": 0.74337559670999998, "SR_Type": "Local Road", "Schoo_SAvg": 0.0, "Schoo_FExp": 0.0, "Zone_SAvg": 22.6085820584, "Zone_FExp": 8400908.91, "Lv2_Score": 340.0, "Lv2_Rank": 82.0, "Lv3_Score": 396.0, "Lv3_Rank": 114.0, "BDS_Final_": 736.0, "BDS_Final": 115.0 }, "geometry": { "type": "Point", "coordinates": [ 110.826084200000082, -7.561820481999973 ] } },
{ "type": "Feature", "properties": { "School_ID": 278, "Address": "JL. MONGINSIDI NO. 40", "Lat": -7.558752, "Long": 110.830508, "School_Typ": "SMA / SMK", "PROVINSI": "Provinsi Jawa Tengah", "KABUPATEN": "Kota Surakarta", "KECAMATAN": "Kecamatan Banjarsari", "KELURAHAN": "Gilingan", "School_Nam": "SMA NEGERI 1 SURAKARTA", "Severity": 54, "Intersect": 1, "Transit": 10, "Student": 1185, "Km_major": 0.82898939732, "SR_Type": "Major Road", "Schoo_SAvg": 30.993211672600001, "Schoo_FExp": 254581.34, "Zone_SAvg": 26.0411852891, "Zone_FExp": 17997401.1, "Lv2_Score": 91.0, "Lv2_Rank": 14.0, "Lv3_Score": 254.0, "Lv3_Rank": 58.0, "BDS_Final_": 345.0, "BDS_Final": 31.0 }, "geometry": { "type": "Point", "coordinates": [ 110.830508, -7.558752 ] } },
{ "type": "Feature", "properties": { "School_ID": 279, "Address": "JL. MONGINSIDI NO. 40", "Lat": -7.5584941, "Long": 110.8301009, "School_Typ": "SMA / SMK", "PROVINSI": "Provinsi Jawa Tengah", "KABUPATEN": "Kota Surakarta", "KECAMATAN": "Kecamatan Banjarsari", "KELURAHAN": "Gilingan", "School_Nam": "SMA NEGERI 2 SURAKARTA", "Severity": 39, "Intersect": 1, "Transit": 11, "Student": 1041, "Km_major": 0.88377891546999998, "SR_Type": "Major Road", "Schoo_SAvg": 29.1933305861, "Schoo_FExp": 460481.0, "Zone_SAvg": 26.524538141899999, "Zone_FExp": 19144762.03, "Lv2_Score": 92.0, "Lv2_Rank": 15.0, "Lv3_Score": 245.0, "Lv3_Rank": 55.0, "BDS_Final_": 337.0, "BDS_Final": 30.0 }, "geometry": { "type": "Point", "coordinates": [ 110.830100900000048, -7.558494099999962 ] } },
{ "type": "Feature", "properties": { "School_ID": 280, "Address": "JL. LU. ADI SUCIPTO NO. 1", "Lat": -7.5557255, "Long": 110.8023722, "School_Typ": "SMA / SMK", "PROVINSI": "Provinsi Jawa Tengah", "KABUPATEN": "Kota Surakarta", "KECAMATAN": "Kecamatan Banjarsari", "KELURAHAN": "Manahan", "School_Nam": "SMA NEGERI 4 SURAKARTA", "Severity": 60, "Intersect": 0, "Transit": 4, "Student": 1175, "Km_major": 0.59936738743999995, "SR_Type": "Major Road", "Schoo_SAvg": 20.024003301499999, "Schoo_FExp": 778751.51, "Zone_SAvg": 29.6262519289, "Zone_FExp": 38882460.94, "Lv2_Score": 122.0, "Lv2_Rank": 25.0, "Lv3_Score": 186.0, "Lv3_Rank": 34.0, "BDS_Final_": 308.0, "BDS_Final": 25.0 }, "geometry": { "type": "Point", "coordinates": [ 110.802372200000036, -7.555725499999937 ] } },
{ "type": "Feature", "properties": { "School_ID": 283, "Address": "JL. TARUMANEGARA 3", "Lat": -7.5376295, "Long": 110.8063, "School_Typ": "SMA / SMK", "PROVINSI": "Provinsi Jawa Tengah", "KABUPATEN": "Kota Surakarta", "KECAMATAN": "Kecamatan Banjarsari", "KELURAHAN": "Banyuanyar", "School_Nam": "SMA AL-ABIDIN BILINGUAL BOARDING SCHOOL", "Severity": 33, "Intersect": 1, "Transit": 0, "Student": 1214, "Km_major": 0.56167312939000003, "SR_Type": "Local Road", "Schoo_SAvg": 0.0, "Schoo_FExp": 0.0, "Zone_SAvg": 30.492863439000001, "Zone_FExp": 23244581.82, "Lv2_Score": 284.0, "Lv2_Rank": 55.0, "Lv3_Score": 294.0, "Lv3_Rank": 78.0, "BDS_Final_": 578.0, "BDS_Final": 73.0 }, "geometry": { "type": "Point", "coordinates": [ 110.8063, -7.53762949999998 ] } },
{ "type": "Feature", "properties": { "School_ID": 285, "Address": "Jl. Bromo RT 04 RW 03", "Lat": -7.531093747, "Long": 110.823451, "School_Typ": "SMA / SMK", "PROVINSI": "Provinsi Jawa Tengah", "KABUPATEN": "Kota Surakarta", "KECAMATAN": "Kecamatan Banjarsari", "KELURAHAN": "Banjarsari", "School_Nam": "SMA BUDI UTOMO SURAKARTA", "Severity": 0, "Intersect": 0, "Transit": 0, "Student": 629, "Km_major": 0.46638556671999998, "SR_Type": "Local Road", "Schoo_SAvg": 0.0, "Schoo_FExp": 0.0, "Zone_SAvg": 34.466043257899997, "Zone_FExp": 1069683.72, "Lv2_Score": 336.0, "Lv2_Rank": 80.0, "Lv3_Score": 316.0, "Lv3_Rank": 91.0, "BDS_Final_": 652.0, "BDS_Final": 96.0 }, "geometry": { "type": "Point", "coordinates": [ 110.823451, -7.531093746999943 ] } },
{ "type": "Feature", "properties": { "School_ID": 288, "Address": "JL. BANYUANYAR DALAM RT 02/12", "Lat": -7.5398814, "Long": 110.8043763, "School_Typ": "SMA / SMK", "PROVINSI": "Provinsi Jawa Tengah", "KABUPATEN": "Kota Surakarta", "KECAMATAN": "Kecamatan Banjarsari", "KELURAHAN": "Banyuanyar", "School_Nam": "SMA MUHAMMADIYAH 6 SURAKARTA", "Severity": 39, "Intersect": 1, "Transit": 1, "Student": 127, "Km_major": 0.97950256594999996, "SR_Type": "Local Road", "Schoo_SAvg": 21.710888610800001, "Schoo_FExp": 8673.5, "Zone_SAvg": 27.973580934400001, "Zone_FExp": 30445052.13, "Lv2_Score": 334.0, "Lv2_Rank": 78.0, "Lv3_Score": 280.0, "Lv3_Rank": 71.0, "BDS_Final_": 614.0, "BDS_Final": 85.0 }, "geometry": { "type": "Point", "coordinates": [ 110.804376300000058, -7.539881399999956 ] } },
{ "type": "Feature", "properties": { "School_ID": 291, "Address": "JL. ADISUCIPTO NO.33", "Lat": -7.554942, "Long": 110.801278, "School_Typ": "SMA / SMK", "PROVINSI": "Provinsi Jawa Tengah", "KABUPATEN": "Kota Surakarta", "KECAMATAN": "Kecamatan Banjarsari", "KELURAHAN": "Manahan", "School_Nam": "SMK NEGERI 2 SURAKARTA", "Severity": 102, "Intersect": 5, "Transit": 3, "Student": 2413, "Km_major": 1.1806798545499999, "SR_Type": "Major Road", "Schoo_SAvg": 35.311727635700002, "Schoo_FExp": 932953.5, "Zone_SAvg": 26.395238991300001, "Zone_FExp": 73467903.19, "Lv2_Score": 38.0, "Lv2_Rank": 2.0, "Lv3_Score": 133.0, "Lv3_Rank": 15.0, "BDS_Final_": 171.0, "BDS_Final": 6.0 }, "geometry": { "type": "Point", "coordinates": [ 110.801278, -7.554942 ] } },
{ "type": "Feature", "properties": { "School_ID": 292, "Address": "JL. TARUMANEGARA, BANYUANYAR, BANJARSARI, SURAKARTA", "Lat": -7.53536, "Long": 110.804317, "School_Typ": "SMA / SMK", "PROVINSI": "Provinsi Jawa Tengah", "KABUPATEN": "Kota Surakarta", "KECAMATAN": "Kecamatan Banjarsari", "KELURAHAN": "Banyuanyar", "School_Nam": "SMK NEGERI 9 SURAKARTA", "Severity": 9, "Intersect": 0, "Transit": 2, "Student": 1652, "Km_major": 0.66290659051, "SR_Type": "Major Road", "Schoo_SAvg": 0.0, "Schoo_FExp": 0.0, "Zone_SAvg": 34.881657056100003, "Zone_FExp": 12647653.47, "Lv2_Score": 129.0, "Lv2_Rank": 28.0, "Lv3_Score": 280.0, "Lv3_Rank": 71.0, "BDS_Final_": 409.0, "BDS_Final": 40.0 }, "geometry": { "type": "Point", "coordinates": [ 110.804317, -7.53536 ] } },
{ "type": "Feature", "properties": { "School_ID": 297, "Address": "JL. D.I. PANJAITAN NO.1", "Lat": -7.56125, "Long": 110.828183, "School_Typ": "SMA / SMK", "PROVINSI": "Provinsi Jawa Tengah", "KABUPATEN": "Kota Surakarta", "KECAMATAN": "Kecamatan Banjarsari", "KELURAHAN": "Setabelan", "School_Nam": "SMK KRISTEN 2 SURAKARTA", "Severity": 39, "Intersect": 0, "Transit": 10, "Student": 243, "Km_major": 0.0, "SR_Type": "Local Road", "Schoo_SAvg": 24.061050061100001, "Schoo_FExp": 47294.4, "Zone_SAvg": 24.3858362167, "Zone_FExp": 9086128.79, "Lv2_Score": 378.0, "Lv2_Rank": 98.0, "Lv3_Score": 351.0, "Lv3_Rank": 104.0, "BDS_Final_": 729.0, "BDS_Final": 112.0 }, "geometry": { "type": "Point", "coordinates": [ 110.828183, -7.56125 ] } },
{ "type": "Feature", "properties": { "School_ID": 298, "Address": "Jl. MONGINSIDI 28 SURAKARTA", "Lat": -7.558517, "Long": 110.831939, "School_Typ": "SMA / SMK", "PROVINSI": "Provinsi Jawa Tengah", "KABUPATEN": "Kota Surakarta", "KECAMATAN": "Kecamatan Banjarsari", "KELURAHAN": "Gilingan", "School_Nam": "SMK KRISTEN MARGOYUDAN SURAKARTA", "Severity": 42, "Intersect": 0, "Transit": 8, "Student": 32, "Km_major": 1.05846073871, "SR_Type": "Major Road", "Schoo_SAvg": 33.563877318199999, "Schoo_FExp": 506022.44, "Zone_SAvg": 30.438494395700001, "Zone_FExp": 25350359.5, "Lv2_Score": 191.0, "Lv2_Rank": 39.0, "Lv3_Score": 163.0, "Lv3_Rank": 25.0, "BDS_Final_": 354.0, "BDS_Final": 34.0 }, "geometry": { "type": "Point", "coordinates": [ 110.831939, -7.558517 ] } },
{ "type": "Feature", "properties": { "School_ID": 302, "Address": "JL. KERINCI 15 A, SEKIP, BANJARSARI RT. 4 RW. 3", "Lat": -7.5321683, "Long": 110.8211286, "School_Typ": "SMA / SMK", "PROVINSI": "Provinsi Jawa Tengah", "KABUPATEN": "Kota Surakarta", "KECAMATAN": "Kecamatan Banjarsari", "KELURAHAN": "Banjarsari", "School_Nam": "SMK MUHAMMADIYAH 5 SURAKARTA", "Severity": 36, "Intersect": 1, "Transit": 1, "Student": 101, "Km_major": 0.98432121629000002, "SR_Type": "Major Road", "Schoo_SAvg": 34.5421052632, "Schoo_FExp": 56704.32, "Zone_SAvg": 30.934015945, "Zone_FExp": 6505779.66, "Lv2_Score": 195.0, "Lv2_Rank": 40.0, "Lv3_Score": 234.0, "Lv3_Rank": 52.0, "BDS_Final_": 429.0, "BDS_Final": 42.0 }, "geometry": { "type": "Point", "coordinates": [ 110.821128600000065, -7.532168299999967 ] } },
{ "type": "Feature", "properties": { "School_ID": 303, "Address": "JL. PLERET UTAMA, BANYUANYAR, BANJARSARI", "Lat": -7.5407323, "Long": 110.8003663, "School_Typ": "SMA / SMK", "PROVINSI": "Provinsi Jawa Tengah", "KABUPATEN": "Kota Surakarta", "KECAMATAN": "Kecamatan Banjarsari", "KELURAHAN": "Banyuanyar", "School_Nam": "SMK PGRI 1 SURAKARTA", "Severity": 6, "Intersect": 0, "Transit": 0, "Student": 125, "Km_major": 0.660257138, "SR_Type": "Local Road", "Schoo_SAvg": 23.254674220999998, "Schoo_FExp": 14776.02, "Zone_SAvg": 22.4889331734, "Zone_FExp": 4900414.74, "Lv2_Score": 382.0, "Lv2_Rank": 100.0, "Lv3_Score": 377.0, "Lv3_Rank": 110.0, "BDS_Final_": 759.0, "BDS_Final": 119.0 }, "geometry": { "type": "Point", "coordinates": [ 110.800366300000064, -7.540732299999945 ] } },
{ "type": "Feature", "properties": { "School_ID": 314, "Address": "JL. SUMBING VI/49", "Lat": -7.5460544, "Long": 110.8485196, "School_Typ": "SMA / SMK", "PROVINSI": "Provinsi Jawa Tengah", "KABUPATEN": "Kota Surakarta", "KECAMATAN": "Kecamatan Jebres", "KELURAHAN": "Mojosongo", "School_Nam": "SMA NEGERI 8 SURAKARTA", "Severity": 9, "Intersect": 0, "Transit": 3, "Student": 1144, "Km_major": 0.23106127771000001, "SR_Type": "Local Road", "Schoo_SAvg": 29.979310344799998, "Schoo_FExp": 3912.3, "Zone_SAvg": 31.279559487899999, "Zone_FExp": 106777.11, "Lv2_Score": 325.0, "Lv2_Rank": 72.0, "Lv3_Score": 302.0, "Lv3_Rank": 81.0, "BDS_Final_": 627.0, "BDS_Final": 88.0 }, "geometry": { "type": "Point", "coordinates": [ 110.848519600000088, -7.546054399999946 ] } },
{ "type": "Feature", "properties": { "School_ID": 321, "Address": "JL. HOS COKROAMINOTO NO. 53 Surakarta", "Lat": -7.5626825, "Long": 110.8487474, "School_Typ": "SMA / SMK", "PROVINSI": "Provinsi Jawa Tengah", "KABUPATEN": "Kota Surakarta", "KECAMATAN": "Kecamatan Jebres", "KELURAHAN": "Jebres", "School_Nam": "SMK COKROAMINOTO 1 SURAKARTA", "Severity": 75, "Intersect": 1, "Transit": 2, "Student": 58, "Km_major": 0.91156020318999997, "SR_Type": "Major Road", "Schoo_SAvg": 29.938636151200001, "Schoo_FExp": 160114.82, "Zone_SAvg": 28.7653146402, "Zone_FExp": 31350629.67, "Lv2_Score": 196.0, "Lv2_Rank": 41.0, "Lv3_Score": 199.0, "Lv3_Rank": 39.0, "BDS_Final_": 395.0, "BDS_Final": 39.0 }, "geometry": { "type": "Point", "coordinates": [ 110.848747400000036, -7.562682499999937 ] } },
{ "type": "Feature", "properties": { "School_ID": 322, "Address": "JL. HOS. COKROAMINOTO NO. 61 JEBRES SURAKARTA", "Lat": -7.562769, "Long": 110.8484866, "School_Typ": "SMA / SMK", "PROVINSI": "Provinsi Jawa Tengah", "KABUPATEN": "Kota Surakarta", "KECAMATAN": "Kecamatan Jebres", "KELURAHAN": "Jebres", "School_Nam": "SMK COKROAMINOTO 2 SURAKARTA", "Severity": 75, "Intersect": 1, "Transit": 2, "Student": 25, "Km_major": 0.88692469748000002, "SR_Type": "Local Road", "Schoo_SAvg": 29.9038098095, "Schoo_FExp": 159494.96, "Zone_SAvg": 28.4737365939, "Zone_FExp": 29816333.91, "Lv2_Score": 347.0, "Lv2_Rank": 85.0, "Lv3_Score": 214.0, "Lv3_Rank": 44.0, "BDS_Final_": 561.0, "BDS_Final": 68.0 }, "geometry": { "type": "Point", "coordinates": [ 110.848486600000058, -7.562769 ] } },
{ "type": "Feature", "properties": { "School_ID": 323, "Address": "JL. LETJEN SUTOYO GG. JODIPATI NO. 10 RT. 001 RW. 012", "Lat": -7.5441049, "Long": 110.8360685, "School_Typ": "SMA / SMK", "PROVINSI": "Provinsi Jawa Tengah", "KABUPATEN": "Kota Surakarta", "KECAMATAN": "Kecamatan Jebres", "KELURAHAN": "Mojosongo", "School_Nam": "SMK EMPAT LIMA SURAKARTA", "Severity": 66, "Intersect": 1, "Transit": 2, "Student": 244, "Km_major": 1.06487569447, "SR_Type": "Local Road", "Schoo_SAvg": 0.0, "Schoo_FExp": 0.0, "Zone_SAvg": 30.951274617199999, "Zone_FExp": 9670208.69, "Lv2_Score": 281.0, "Lv2_Rank": 53.0, "Lv3_Score": 317.0, "Lv3_Rank": 92.0, "BDS_Final_": 598.0, "BDS_Final": 80.0 }, "geometry": { "type": "Point", "coordinates": [ 110.836068500000067, -7.544104899999979 ] } },
{ "type": "Feature", "properties": { "School_ID": 326, "Address": "JL. KOL. SUTARTO NO. 81 SURAKARTA", "Lat": -7.55781, "Long": 110.846845, "School_Typ": "SMA / SMK", "PROVINSI": "Provinsi Jawa Tengah", "KABUPATEN": "Kota Surakarta", "KECAMATAN": "Kecamatan Jebres", "KELURAHAN": "Jebres", "School_Nam": "SMK WARGA SURAKARTA", "Severity": 72, "Intersect": 4, "Transit": 5, "Student": 872, "Km_major": 1.00837077055, "SR_Type": "Major Road", "Schoo_SAvg": 21.664204581900002, "Schoo_FExp": 472630.62, "Zone_SAvg": 32.730173369100001, "Zone_FExp": 42322260.45, "Lv2_Score": 78.0, "Lv2_Rank": 12.0, "Lv3_Score": 155.0, "Lv3_Rank": 21.0, "BDS_Final_": 233.0, "BDS_Final": 15.0 }, "geometry": { "type": "Point", "coordinates": [ 110.846845, -7.55781 ] } },
{ "type": "Feature", "properties": { "School_ID": 329, "Address": "JL. SLAMET RIYADI NO. 445", "Lat": -7.5613721, "Long": 110.7911403, "School_Typ": "SMA / SMK", "PROVINSI": "Provinsi Jawa Tengah", "KABUPATEN": "Kota Surakarta", "KECAMATAN": "Kecamatan Laweyan", "KELURAHAN": "Pajang", "School_Nam": "SMA BATIK 1 SURAKARTA", "Severity": 81, "Intersect": 2, "Transit": 1, "Student": 1330, "Km_major": 1.04083403663, "SR_Type": "Major Road", "Schoo_SAvg": 31.837195972699998, "Schoo_FExp": 84429.06, "Zone_SAvg": 32.085946910099999, "Zone_FExp": 44664778.22, "Lv2_Score": 67.0, "Lv2_Rank": 8.0, "Lv3_Score": 139.0, "Lv3_Rank": 16.0, "BDS_Final_": 206.0, "BDS_Final": 10.0 }, "geometry": { "type": "Point", "coordinates": [ 110.791140300000052, -7.561372099999971 ] } },
{ "type": "Feature", "properties": { "School_ID": 330, "Address": "JL. SAM RATULANGI NO. 86", "Lat": -7.560147, "Long": 110.794209, "School_Typ": "SMA / SMK", "PROVINSI": "Provinsi Jawa Tengah", "KABUPATEN": "Kota Surakarta", "KECAMATAN": "Kecamatan Laweyan", "KELURAHAN": "Kerten", "School_Nam": "SMA BATIK 2 SURAKARTA", "Severity": 60, "Intersect": 2, "Transit": 1, "Student": 651, "Km_major": 1.5196980584899999, "SR_Type": "Major Road", "Schoo_SAvg": 31.7733403768, "Schoo_FExp": 54132.24, "Zone_SAvg": 33.546004556, "Zone_FExp": 34894503.62, "Lv2_Score": 66.0, "Lv2_Rank": 7.0, "Lv3_Score": 151.0, "Lv3_Rank": 19.0, "BDS_Final_": 217.0, "BDS_Final": 11.0 }, "geometry": { "type": "Point", "coordinates": [ 110.794209, -7.560147 ] } },
{ "type": "Feature", "properties": { "School_ID": 331, "Address": "JL. LU. ADISUCIPTO (JL. KELENGKENG 1)", "Lat": -7.5510398, "Long": 110.797034, "School_Typ": "SMA / SMK", "PROVINSI": "Provinsi Jawa Tengah", "KABUPATEN": "Kota Surakarta", "KECAMATAN": "Kecamatan Laweyan", "KELURAHAN": "Kerten", "School_Nam": "SMA PANGUDI LUHUR SANTO YOSEF", "Severity": 21, "Intersect": 1, "Transit": 3, "Student": 437, "Km_major": 0.83015651617999997, "SR_Type": "Local Road", "Schoo_SAvg": 0.0, "Schoo_FExp": 0.0, "Zone_SAvg": 31.738629177499998, "Zone_FExp": 42228820.98, "Lv2_Score": 294.0, "Lv2_Rank": 59.0, "Lv3_Score": 240.0, "Lv3_Rank": 54.0, "BDS_Final_": 534.0, "BDS_Final": 64.0 }, "geometry": { "type": "Point", "coordinates": [ 110.797034, -7.551039799999955 ] } },
{ "type": "Feature", "properties": { "School_ID": 332, "Address": "JL. LU. ADI SUCIPTO NO. 45", "Lat": -7.5533976, "Long": 110.7957826, "School_Typ": "SMA / SMK", "PROVINSI": "Provinsi Jawa Tengah", "KABUPATEN": "Kota Surakarta", "KECAMATAN": "Kecamatan Laweyan", "KELURAHAN": "Kerten", "School_Nam": "SMA REGINA PACIS SURAKARTA", "Severity": 24, "Intersect": 1, "Transit": 4, "Student": 1035, "Km_major": 0.76991762064000002, "SR_Type": "Major Road", "Schoo_SAvg": 40.598171339700002, "Schoo_FExp": 1404660.19, "Zone_SAvg": 33.628299748099998, "Zone_FExp": 44649731.66, "Lv2_Score": 120.0, "Lv2_Rank": 24.0, "Lv3_Score": 48.0, "Lv3_Rank": 2.0, "BDS_Final_": 168.0, "BDS_Final": 4.0 }, "geometry": { "type": "Point", "coordinates": [ 110.795782600000052, -7.553397599999926 ] } },
{ "type": "Feature", "properties": { "School_ID": 333, "Address": "JL. L.U. ADISUCIPTO NO.40", "Lat": -7.5532557, "Long": 110.7983771, "School_Typ": "SMA / SMK", "PROVINSI": "Provinsi Jawa Tengah", "KABUPATEN": "Kota Surakarta", "KECAMATAN": "Kecamatan Laweyan", "KELURAHAN": "Kerten", "School_Nam": "SMK NEGERI 4 SURAKARTA", "Severity": 63, "Intersect": 4, "Transit": 6, "Student": 1375, "Km_major": 1.1729858632600001, "SR_Type": "Major Road", "Schoo_SAvg": 22.996283368099999, "Schoo_FExp": 1168057.12, "Zone_SAvg": 27.378818286800001, "Zone_FExp": 77119282.68000001, "Lv2_Score": 52.0, "Lv2_Rank": 5.0, "Lv3_Score": 166.0, "Lv3_Rank": 26.0, "BDS_Final_": 218.0, "BDS_Final": 12.0 }, "geometry": { "type": "Point", "coordinates": [ 110.798377100000039, -7.553255699999966 ] } },
{ "type": "Feature", "properties": { "School_ID": 334, "Address": "JL. LU. Adi Sucipto No. 42 Surakarta", "Lat": -7.5529642, "Long": 110.7973689, "School_Typ": "SMA / SMK", "PROVINSI": "Provinsi Jawa Tengah", "KABUPATEN": "Kota Surakarta", "KECAMATAN": "Kecamatan Laweyan", "KELURAHAN": "Kerten", "School_Nam": "SMK NEGERI 5 SURAKARTA", "Severity": 54, "Intersect": 5, "Transit": 5, "Student": 2271, "Km_major": 1.16713760488, "SR_Type": "Major Road", "Schoo_SAvg": 32.8359271765, "Schoo_FExp": 1685274.41, "Zone_SAvg": 29.0059163363, "Zone_FExp": 73700331.56, "Lv2_Score": 52.0, "Lv2_Rank": 5.0, "Lv3_Score": 94.0, "Lv3_Rank": 8.0, "BDS_Final_": 146.0, "BDS_Final": 1.0 }, "geometry": { "type": "Point", "coordinates": [ 110.797368900000038, -7.552964199999963 ] } },
{ "type": "Feature", "properties": { "School_ID": 335, "Address": "JL. L.U. ADI SUCIPTO NO. 38", "Lat": -7.5532134, "Long": 110.7992122, "School_Typ": "SMA / SMK", "PROVINSI": "Provinsi Jawa Tengah", "KABUPATEN": "Kota Surakarta", "KECAMATAN": "Kecamatan Laweyan", "KELURAHAN": "Kerten", "School_Nam": "SMK NEGERI 6 SURAKARTA", "Severity": 78, "Intersect": 5, "Transit": 5, "Student": 1599, "Km_major": 1.2901491054400001, "SR_Type": "Major Road", "Schoo_SAvg": 15.8573412998, "Schoo_FExp": 808678.42, "Zone_SAvg": 26.8212316995, "Zone_FExp": 80465240.63, "Lv2_Score": 36.0, "Lv2_Rank": 1.0, "Lv3_Score": 194.0, "Lv3_Rank": 38.0, "BDS_Final_": 230.0, "BDS_Final": 14.0 }, "geometry": { "type": "Point", "coordinates": [ 110.799212200000056, -7.553213399999947 ] } },
{ "type": "Feature", "properties": { "School_ID": 336, "Address": "JL. JENDRAL AKHMAD YANI 374 SURAKARTA", "Lat": -7.554641989, "Long": 110.7981338, "School_Typ": "SMA / SMK", "PROVINSI": "Provinsi Jawa Tengah", "KABUPATEN": "Kota Surakarta", "KECAMATAN": "Kecamatan Laweyan", "KELURAHAN": "Kerten", "School_Nam": "SMK NEGERI 7 SURAKARTA", "Severity": 60, "Intersect": 4, "Transit": 5, "Student": 1675, "Km_major": 1.1928677487299999, "SR_Type": "Major Road", "Schoo_SAvg": 30.0959932596, "Schoo_FExp": 650106.56, "Zone_SAvg": 28.2685357776, "Zone_FExp": 72498111.8, "Lv2_Score": 49.0, "Lv2_Rank": 3.0, "Lv3_Score": 144.0, "Lv3_Rank": 18.0, "BDS_Final_": 193.0, "BDS_Final": 9.0 }, "geometry": { "type": "Point", "coordinates": [ 110.798133800000073, -7.554641988999947 ] } },
{ "type": "Feature", "properties": { "School_ID": 338, "Address": "JL. SLAMET RIYADI - KLECO - SURAKARTA", "Lat": -7.5581203, "Long": 110.7797162, "School_Typ": "SMA / SMK", "PROVINSI": "Provinsi Jawa Tengah", "KABUPATEN": "Kota Surakarta", "KECAMATAN": "Kecamatan Laweyan", "KELURAHAN": "Pajang", "School_Nam": "SMK BATIK 1 SURAKARTA", "Severity": 69, "Intersect": 0, "Transit": 1, "Student": 1098, "Km_major": 0.37751272953999998, "SR_Type": "Local Road", "Schoo_SAvg": 32.273839507399998, "Schoo_FExp": 1141480.52, "Zone_SAvg": 29.5892830827, "Zone_FExp": 38395736.15, "Lv2_Score": 301.0, "Lv2_Rank": 62.0, "Lv3_Score": 129.0, "Lv3_Rank": 13.0, "BDS_Final_": 430.0, "BDS_Final": 43.0 }, "geometry": { "type": "Point", "coordinates": [ 110.779716200000053, -7.558120299999928 ] } },
{ "type": "Feature", "properties": { "School_ID": 339, "Address": "Jl. SLAMET RIYADI KLECO SURAKARTA", "Lat": -7.5591512, "Long": 110.7796409, "School_Typ": "SMA / SMK", "PROVINSI": "Provinsi Jawa Tengah", "KABUPATEN": "Kota Surakarta", "KECAMATAN": "Kecamatan Laweyan", "KELURAHAN": "Pajang", "School_Nam": "SMK BATIK 2 SURAKARTA", "Severity": 57, "Intersect": 0, "Transit": 1, "Student": 332, "Km_major": 0.33612313182999998, "SR_Type": "Local Road", "Schoo_SAvg": 0.0, "Schoo_FExp": 0.0, "Zone_SAvg": 28.824675556900001, "Zone_FExp": 32329596.24, "Lv2_Score": 355.0, "Lv2_Rank": 88.0, "Lv3_Score": 279.0, "Lv3_Rank": 70.0, "BDS_Final_": 634.0, "BDS_Final": 91.0 }, "geometry": { "type": "Point", "coordinates": [ 110.779640900000061, -7.559151199999974 ] } },
{ "type": "Feature", "properties": { "School_ID": 340, "Address": "JL. SEKAR JAGAD I", "Lat": -7.573472, "Long": 110.785846, "School_Typ": "SMA / SMK", "PROVINSI": "Provinsi Jawa Tengah", "KABUPATEN": "Kota Surakarta", "KECAMATAN": "Kecamatan Laweyan", "KELURAHAN": "Pajang", "School_Nam": "SMK JAYAWISATA", "Severity": 24, "Intersect": 0, "Transit": 0, "Student": 212, "Km_major": 0.31649466730999998, "SR_Type": "Local Road", "Schoo_SAvg": 0.0, "Schoo_FExp": 0.0, "Zone_SAvg": 30.7144532497, "Zone_FExp": 13879674.79, "Lv2_Score": 392.0, "Lv2_Rank": 104.0, "Lv3_Score": 313.0, "Lv3_Rank": 88.0, "BDS_Final_": 705.0, "BDS_Final": 108.0 }, "geometry": { "type": "Point", "coordinates": [ 110.785846, -7.573472 ] } },
{ "type": "Feature", "properties": { "School_ID": 341, "Address": "JL. MOJO NO. 1 KARANGASEM LAWEYAN SURAKARTA", "Lat": -7.553141197, "Long": 110.775923, "School_Typ": "SMA / SMK", "PROVINSI": "Provinsi Jawa Tengah", "KABUPATEN": "Kota Surakarta", "KECAMATAN": "Kecamatan Laweyan", "KELURAHAN": "Karangasem", "School_Nam": "SMK KATOLIK ST MIKAEL SURAKARTA", "Severity": 3, "Intersect": 0, "Transit": 0, "Student": 614, "Km_major": 0.0, "SR_Type": "Local Road", "Schoo_SAvg": 17.065076028299998, "Schoo_FExp": 73060.71, "Zone_SAvg": 25.7479327649, "Zone_FExp": 3056329.38, "Lv2_Score": 358.0, "Lv2_Rank": 91.0, "Lv3_Score": 372.0, "Lv3_Rank": 108.0, "BDS_Final_": 730.0, "BDS_Final": 113.0 }, "geometry": { "type": "Point", "coordinates": [ 110.775923, -7.553141196999945 ] } },
{ "type": "Feature", "properties": { "School_ID": 342, "Address": "Jl. Slamet Riyadi No.443, Pajang, Laweyan, Surakarta City, Central Java 57146", "Lat": -7.561521, "Long": 110.7919677, "School_Typ": "SMA / SMK", "PROVINSI": "Provinsi Jawa Tengah", "KABUPATEN": "Kota Surakarta", "KECAMATAN": "Kecamatan Laweyan", "KELURAHAN": "Pajang", "School_Nam": "SMK MUHAMMADIYAH 4 SURAKARTA", "Severity": 72, "Intersect": 2, "Transit": 1, "Student": 147, "Km_major": 1.1546213059199999, "SR_Type": "Major Road", "Schoo_SAvg": 34.025333570500003, "Schoo_FExp": 95628.2, "Zone_SAvg": 32.160568122599997, "Zone_FExp": 42961884.62, "Lv2_Score": 151.0, "Lv2_Rank": 32.0, "Lv3_Score": 129.0, "Lv3_Rank": 13.0, "BDS_Final_": 280.0, "BDS_Final": 20.0 }, "geometry": { "type": "Point", "coordinates": [ 110.791967700000043, -7.561521 ] } },
{ "type": "Feature", "properties": { "School_ID": 343, "Address": "JL. DR. WAHIDIN NO. 33 SOLO", "Lat": -7.568661, "Long": 110.805799, "School_Typ": "SMA / SMK", "PROVINSI": "Provinsi Jawa Tengah", "KABUPATEN": "Kota Surakarta", "KECAMATAN": "Kecamatan Laweyan", "KELURAHAN": "Penumping", "School_Nam": "SMK MURNI 1 SURAKARTA", "Severity": 33, "Intersect": 0, "Transit": 6, "Student": 77, "Km_major": 0.64413226523, "SR_Type": "Major Road", "Schoo_SAvg": 22.164879740300002, "Schoo_FExp": 780454.23, "Zone_SAvg": 25.865465540199999, "Zone_FExp": 15669727.72, "Lv2_Score": 239.0, "Lv2_Rank": 45.0, "Lv3_Score": 277.0, "Lv3_Rank": 68.0, "BDS_Final_": 516.0, "BDS_Final": 60.0 }, "geometry": { "type": "Point", "coordinates": [ 110.805799, -7.568661 ] } },
{ "type": "Feature", "properties": { "School_ID": 344, "Address": "JL. DR. WAHIDIN NO.33", "Lat": -7.5682705, "Long": 110.8056799, "School_Typ": "SMA / SMK", "PROVINSI": "Provinsi Jawa Tengah", "KABUPATEN": "Kota Surakarta", "KECAMATAN": "Kecamatan Laweyan", "KELURAHAN": "Penumping", "School_Nam": "SMK MURNI 2 SURAKARTA", "Severity": 33, "Intersect": 0, "Transit": 5, "Student": 11, "Km_major": 0.5994126283, "SR_Type": "Major Road", "Schoo_SAvg": 26.183730806900002, "Schoo_FExp": 80148.4, "Zone_SAvg": 25.206461081099999, "Zone_FExp": 13908089.52, "Lv2_Score": 249.0, "Lv2_Rank": 47.0, "Lv3_Score": 322.0, "Lv3_Rank": 94.0, "BDS_Final_": 571.0, "BDS_Final": 70.0 }, "geometry": { "type": "Point", "coordinates": [ 110.805679900000086, -7.568270499999926 ] } },
{ "type": "Feature", "properties": { "School_ID": 345, "Address": "JL. APEL NO. 5 JAJAR SURAKARTA", "Lat": -7.554887, "Long": 110.7889119, "School_Typ": "SMA / SMK", "PROVINSI": "Provinsi Jawa Tengah", "KABUPATEN": "Kota Surakarta", "KECAMATAN": "Kecamatan Laweyan", "KELURAHAN": "Jajar", "School_Nam": "SMK PANCASILA SURAKARTA", "Severity": 27, "Intersect": 0, "Transit": 2, "Student": 192, "Km_major": 0.41256725825000001, "SR_Type": "Local Road", "Schoo_SAvg": 0.0, "Schoo_FExp": 0.0, "Zone_SAvg": 36.708149018599997, "Zone_FExp": 7372416.52, "Lv2_Score": 386.0, "Lv2_Rank": 102.0, "Lv3_Score": 285.0, "Lv3_Rank": 75.0, "BDS_Final_": 671.0, "BDS_Final": 100.0 }, "geometry": { "type": "Point", "coordinates": [ 110.788911900000073, -7.554887 ] } },
{ "type": "Feature", "properties": { "School_ID": 346, "Address": "JL. DR. RAJIMAN 659 R", "Lat": -7.5709481, "Long": 110.7867326, "School_Typ": "SMA / SMK", "PROVINSI": "Provinsi Jawa Tengah", "KABUPATEN": "Kota Surakarta", "KECAMATAN": "Kecamatan Laweyan", "KELURAHAN": "Pajang", "School_Nam": "SMK SANTO PAULUS SURAKARTA", "Severity": 3, "Intersect": 0, "Transit": 0, "Student": 47, "Km_major": 0.0, "SR_Type": "Local Road", "Schoo_SAvg": 0.0, "Schoo_FExp": 0.0, "Zone_SAvg": 0.0, "Zone_FExp": 0.0, "Lv2_Score": 446.0, "Lv2_Rank": 120.0, "Lv3_Score": 439.0, "Lv3_Rank": 120.0, "BDS_Final_": 885.0, "BDS_Final": 132.0 }, "geometry": { "type": "Point", "coordinates": [ 110.78673260000005, -7.570948099999953 ] } },
{ "type": "Feature", "properties": { "School_ID": 360, "Address": "Jl. Sibela Utara Rt. 01 Rw. 25", "Lat": -7.534616813, "Long": 110.8439434, "School_Typ": "SD", "PROVINSI": "Provinsi Jawa Tengah", "KABUPATEN": "Kota Surakarta", "KECAMATAN": "Kecamatan Jebres", "KELURAHAN": "Mojosongo", "School_Nam": "SD Negeri Sibela Barat Kota Surakarta", "Severity": 9, "Intersect": 0, "Transit": 4, "Student": 136, "Km_major": 0.0, "SR_Type": "Local Road", "Schoo_SAvg": 0.0, "Schoo_FExp": 0.0, "Zone_SAvg": 21.759479488499998, "Zone_FExp": 182876.36, "Lv2_Score": 420.0, "Lv2_Rank": 114.0, "Lv3_Score": 433.0, "Lv3_Rank": 119.0, "BDS_Final_": 853.0, "BDS_Final": 128.0 }, "geometry": { "type": "Point", "coordinates": [ 110.843915051997385, -7.535075888027126 ] } }
]
}
